rms_acc,kurtosis,shock_density,psd_low_freq,psd_high_freq,avg_speed,RLSI,road_type
1.4359823921962962,8.748063206770833,18,1.5164173688766425,1.5801534831250523,96.00164719298658,11.919218422363894,Rural
3.337357211152723,8.229364409186502,24,0.9514242842574578,3.106973059742188,83.30545866267308,9.147970883084119,Broken Road
2.615580007977637,2.333346855483664,4,0.7826377772637828,5.462305897282121,58.65993648815552,9.564862488215855,Off-road
2.175572997850221,6.436221759140032,7,0.2607750705098092,4.732620318094764,22.06741175450037,7.47423836309981,Off-road
0.7148615134600405,6.9425430442161415,6,3.1891602628065723,2.975697188294765,14.477537981770027,11.83388737584621,Urban
0.7147819171094687,7.184696151659706,13,1.387733248893004,5.6776927327271896,10.178629541531624,7.751485344351932,Urban
0.39167592015505825,9.54224079995532,23,5.937647418099826,0.43769649174917535,68.31995401961146,10.350988779516511,Highway
3.058381281057286,8.93683310744942,22,3.4891768596460144,5.592891856304246,81.71594426280934,11.360258825643278,Broken Road
2.183679538752589,9.90276620631478,2,0.9135230892004615,0.3979936150585587,53.324975314987505,11.17233030590662,Urban
2.5366395067269503,11.943482400047667,17,4.163698990787055,3.329097990276638,10.197846609195794,4.700701056643608,Broken Road
0.2679288311761481,12.568814603309216,15,5.396687042407379,5.353601593206406,55.86970458617713,1.1282122881082521,Urban
3.4007025121345813,11.335599990944427,22,4.496559022680724,1.650053567011687,93.89617984483229,2.2281096899631128,Broken Road
2.947060714641392,14.421808047414151,18,0.5509951801327413,2.8862661437764356,61.77325313858374,0.8988350036799682,Broken Road
0.9007190652383112,2.237023574792701,18,5.385716669036691,2.013540386908103,81.89561140396741,1.4436838309838524,Urban
0.8000223917834319,4.545113813886099,17,4.784183376573792,5.717649110750473,81.01450159721631,2.3788847015456325,Off-road
0.8052348825163316,2.0983173747158474,19,1.0339930106231248,4.959509009043236,93.55226447916202,4.224912935731341,Off-road
1.2039994017664744,10.41717128400984,15,0.40553674352361957,4.283108916825639,78.17173273673797,6.613767829585895,Rural
1.9316962243863847,13.67439713634983,7,3.3881323943544204,3.5669992210291417,76.03154883124351,8.597848300390014,Rural
1.625418561518982,5.165269855491891,27,1.020611286905864,4.941491557012474,27.239753172210854,2.688942566056841,Rural
1.1610561626535383,14.051449082351986,0,5.024086620312105,2.414375544988928,10.692889755502737,8.135764370010044,Urban
2.2191145525838523,2.783476073764291,16,2.2141744743628755,2.7405559451257653,54.17194918011173,8.510257079128552,Broken Road
0.6603297401517381,14.147668348471687,11,5.486065423945795,4.407010154377082,16.821249754941743,6.791743575021036,Urban
1.1640773401662199,6.571094934115248,29,3.437560215631934,2.210753103432914,96.40860824640917,10.862690863624785,Urban
1.4089940828691825,3.3184707698398146,20,1.177767067014042,0.4770155580854055,32.542852450137715,1.5097388042773658,Rural
1.7050309479162185,8.316332869422233,10,0.9236333174228206,0.5385741924278217,86.02969932150785,2.2900331997085503,Rural
2.791080672596945,5.338095380366603,4,3.501187381590748,0.7806405277036528,41.82433939423363,5.258244927795921,Urban
0.8589234811225872,5.703347725504997,26,4.595113309988419,5.231119807727611,35.703453736450854,1.6952102757640188,Urban
1.896973646764918,5.994769544041725,11,4.710883321678875,2.8861359119616057,93.84006437577901,6.882294495944232,Rural
2.15496807724474,12.439336671824625,16,1.7269686862035596,4.306005979133945,39.51564434819128,4.901125505991208,Broken Road
0.3532863619759925,9.009096596778308,5,1.3050558775817882,2.4181650800688703,42.07735132299796,3.558230375523838,Urban
2.2048980112747465,6.047000089028048,0,0.19886219650505624,1.6263945897522436,15.078719063226371,2.20587979360812,Urban
0.7627296081680621,9.934339183041939,4,4.107274992086899,2.1484337886170506,68.69243320183838,4.156991212508882,Highway
0.4146702568514224,11.309958764901516,24,0.5517527247578801,4.785675837371383,32.43974437536378,7.373920339821636,Urban
3.3313222729359997,5.544112009535938,27,2.5824910904189626,3.7887751376854855,60.632395944753185,6.994265488495057,Broken Road
3.386585709146046,7.37613831982957,13,3.6499247677079474,5.632074701751622,61.1784118850549,2.1307632024807592,Broken Road
2.867711248784322,3.584519213380318,4,5.628942775026094,4.11025819360332,73.32397108159786,1.6740537667394741,Urban
1.2052254382721233,4.354941543950844,21,1.9396326080390351,3.4640716273526944,75.79794118638192,0.5147857987846959,Rural
0.5223179762210668,10.854532101544777,23,1.5736557584344668,3.7001564530164237,53.87298126814625,0.34662200676840077,Urban
2.457968987490118,4.35869852004315,26,3.959544910287981,5.659991492863647,36.444235022323284,10.581763141492285,Broken Road
1.6525032293406843,8.827123987671783,0,3.7535102891161323,4.750385486213566,84.55783500929972,0.7320485008636011,Rural
0.6027261749877701,11.217601402391624,29,2.059447721517935,0.24184330046198313,34.43723669380604,8.828409096504306,Urban
1.8340838033671916,3.38940000023167,17,5.575800829507741,3.251424207200614,53.213363974586485,10.489424135690493,Rural
0.3134821196802207,9.375058855175746,15,5.084687732188833,4.161196628124732,43.118995404354166,1.3570826130369995,Urban
3.2007573268599807,5.335316188117729,8,1.421497020603979,4.517321022791014,86.23244666712037,5.348356801229609,Off-road
1.0539739392800558,14.518049378088538,18,1.5109410180636869,1.3575385039522265,46.032260458853735,11.555175201456464,Urban
2.3863235383681407,8.286093407359022,21,3.122572046633776,5.216346391262978,41.67942293956101,10.042836194178305,Broken Road
1.2286465510950562,12.477903147077056,4,4.6640754002112494,5.739474568333466,70.53325082527556,5.97850757592269,Rural
1.9162244698867756,9.152945048031402,26,0.35983823839193996,1.496620304484732,62.23190543683706,9.198339130940324,Rural
2.004143921832823,2.564362927112649,1,4.190677407034769,5.3074311993517505,15.188449182105376,10.033855968293633,Off-road
0.8100197032342391,10.23096788272229,29,3.9245917945543725,0.6721746988449628,53.276036602676506,4.306718165626888,Urban
3.399629271623043,14.368243448686542,14,1.4657325658866307,0.4286703330799466,74.87044689165853,10.727404419065538,Broken Road
2.757938317091678,9.820953661902305,6,4.1199827781239575,0.8624204206062213,99.24710263617884,5.751585172190451,Urban
3.300346507161824,12.649455172548272,3,5.6470808283872875,0.4406723688555124,64.76894922718031,6.428126889994194,Urban
3.152930256411241,13.4946840235293,0,0.37603648533343426,5.085572199219078,40.177841311925185,11.996550126297606,Off-road
2.173069930076581,4.965037035336122,12,1.9859471262231692,0.4483958523038045,26.48440198120125,10.150975000595503,Hill
3.2421849755762855,4.756582918806947,19,2.6852426283314963,1.7028187290455676,87.91887224456542,4.468886068121165,Broken Road
0.49202525677133435,9.942752855062892,21,5.405636117655669,0.7121624268615527,82.38369515078276,0.3220780383778594,Highway
0.8467434459831791,7.343370107487162,6,5.777342534994024,1.8429900142512134,27.222667974041563,7.588854070767958,Urban
0.34925005340477566,12.918196937267364,14,2.7202799543283604,0.6343008588454309,24.06004856392448,8.506178428311673,Urban
1.2735900915187721,13.700300604174146,22,4.5251676316389275,4.041219179383783,72.93799379706168,7.87947174369188,Rural
1.4826350559752906,6.594477930935335,13,3.2368000402104498,0.8866282164211934,34.92044588228215,11.620775743725915,Rural
1.0954518048538564,5.079317266668267,22,3.272919314974122,5.125890962449438,34.10788584438599,10.383058122519301,Urban
2.934833780201367,12.146831698170203,18,1.7407871388915033,4.921427199287182,19.46757347142725,5.496213979531653,Broken Road
1.3772859780888445,5.572478462125769,21,1.3800418505968892,0.1806039442765956,30.07767437243384,0.9417183521740953,Rural
1.1270838819683564,12.693986140677818,28,1.799231540951843,5.384785497539176,45.61321797130171,5.817493480123564,Urban
1.9908970744222199,7.508597297433917,23,3.3823352428167683,0.27077146878586567,74.61964204087947,8.333079435551873,Rural
0.6650499424167167,10.678148690789117,19,0.2720155975303251,1.5139101312495842,36.94926896930623,7.370975737078655,Urban
2.847250036488331,3.2419590798506865,28,5.452768771702794,0.2910959128783709,36.217412250585056,6.550017398988442,Broken Road
0.4460171241432437,10.110171220795449,23,1.0220738863436798,2.0814765735319645,32.066758992481404,5.732063704579848,Urban
3.4567268907817073,7.872979823583979,17,1.3985231935411808,3.131812501708303,50.43694841354909,3.666390101723159,Broken Road
2.7484077386789694,9.625910021281165,9,3.157829441041114,4.800204727189315,22.160486304424953,3.4726917883506254,Off-road
0.8557617490627689,4.1841847006832245,8,4.289677121389948,2.0940911477720334,51.13491973305192,6.102731451324463,Urban
0.21822298650788793,11.579358684274368,24,0.6648014229919441,4.262391145571389,71.89667783849553,2.0951171278698584,Highway
2.8910227139009526,13.21636200806197,7,1.974398715528257,1.2062762970019842,7.830097883099107,4.220087998182659,Urban
2.5326292346971364,4.817617401180083,25,5.815180172888707,4.528530894790346,5.929041129047377,4.0229554415791755,Broken Road
2.6057236545352582,3.244289221762102,29,1.64782350400758,1.4923799748645017,12.136676464678377,7.128167058693571,Broken Road
2.745192144063621,2.307301618602373,28,1.9469958558725668,0.9469140600682308,55.88770586417065,0.98685114428369,Broken Road
0.4443473507224982,10.345629505762458,9,5.035341094646397,1.1939122172069205,86.17323290261332,9.990090427128122,Highway
1.3829369041960995,9.892222469154149,16,0.396265146973686,1.1741724604029469,5.464024271923934,6.836064888535946,Rural
0.582367896432928,9.107066365282911,1,2.8412176959729285,3.1258909883242483,93.9828239355447,8.115754833156037,Highway
3.0482413053894586,5.01531224950768,5,2.3397389102648547,5.084305729010062,15.0964585992009,8.496508064361308,Off-road
2.256883818530941,7.081777946771691,25,1.967861883461042,0.5696699542557833,84.9884351655315,3.639512814741931,Broken Road
1.2919634820137422,9.72819235742025,4,1.7856276048641109,4.271042279111193,50.87120267337994,5.750384495141425,Rural
0.409742555943878,8.457969165169203,27,0.6391072186764143,3.9606441119518605,67.63895179149017,11.483702279262072,Highway
1.2262416616616851,14.841211762793534,29,1.9574723931747282,5.247867715793238,53.51488352248233,9.247121808362415,Rural
1.2731049626882651,3.7737167832375307,8,0.3540091760224445,1.5404706069907528,50.31958139203869,11.640771127633586,Rural
2.6077003885156116,11.036879202618719,4,4.707686795502168,2.755648166241675,84.31544569461718,9.005801272726202,Urban
2.3039396554722034,7.256143985355798,17,2.4495439843522693,5.562381509216753,76.80920605894255,2.2720816485605058,Broken Road
3.1278020505018778,7.566594994032992,25,2.7190326106874787,3.9939613557983717,50.923212469685396,0.9615234293671797,Broken Road
1.7583092530344326,11.32877095355629,19,5.372208060055776,2.393733635883422,15.605413292625851,7.016404953292032,Rural
0.5946610115963956,11.001669967216806,8,3.9825244047812025,0.8753330588460839,15.963281134868772,4.422196700490793,Urban
2.5537077978358838,14.886327918128448,16,0.14754870971850675,1.6486615466134873,81.14624876831216,3.4504033396304092,Broken Road
2.7105906604357615,3.669125762903628,26,5.664731455471581,3.5291713171873615,55.29210902801568,9.725089757819926,Broken Road
2.0522147519793377,3.3534254419941623,16,1.4991523492684964,4.3371908906070304,50.75096832083945,4.530520551566979,Broken Road
2.7441916938500515,11.416404622673635,11,0.7349236900831672,0.8340891324261716,69.65384992926793,3.9406114428647867,Urban
1.8295254680024893,9.519029921083318,6,4.631956252447205,3.637623834259919,86.58995042435473,10.229853599394323,Rural
1.9250183369605802,5.564088665277476,26,3.0528161636136377,3.3470725451486314,64.74294871926399,10.18619057054023,Rural
1.6108853605832136,3.032451796856826,2,2.659246339506304,3.1323371354751774,77.4705507229155,4.405126325509668,Rural
0.28388311825551416,3.113557244753597,9,1.5720681701281767,4.171726394323847,77.7006997911109,10.023484671634401,Highway
0.5560417090779046,13.624481370633537,1,3.3300817901876805,5.0409526109924245,38.84483763533111,10.239186185925394,Urban
0.303716312766223,4.494275221343658,24,1.7188691706952661,2.0056391307435235,31.037903585894593,5.202380313350062,Urban
2.3001543571704754,6.20383030750177,2,5.419339731193698,5.345171921654661,81.11058638164008,0.9843829364682244,Off-road
1.237374737551878,4.946533228950845,15,1.3697064304258375,1.0477383144494492,40.83198521950313,0.21869880470281322,Rural
1.878283280843519,6.614951975815185,1,5.3176953876889455,1.1208408315318699,90.816920619657,6.3748510620901415,Rural
3.194969363956107,2.9025099556992138,27,3.4004920117914064,1.6739551753811512,11.620616189361364,4.260090821770198,Broken Road
1.0226643561912874,8.747777281807515,23,4.988079989981922,0.8052321303277591,10.530663647157267,11.966156351068719,Urban
1.554263646017578,2.878963326698794,9,4.305791375579634,1.4588834256289778,93.06539520963379,9.314449795601954,Rural
2.6933187571920607,12.4046346016907,5,4.210501157476816,0.7278294011267832,66.60321684723631,9.183050384934868,Urban
0.955033946122354,5.038257064835629,21,2.013640265400829,4.948339260213803,41.06193886259157,11.471864665790655,Urban
0.4540337024350169,9.020154889858638,25,1.4799918956860008,0.9199170521310851,76.73073940753737,10.675147895141185,Highway
1.1561797946154344,13.441028138298957,10,1.3442287433166502,4.509055589603155,68.87104694939592,3.9546122575853873,Off-road
0.7320302479382146,10.461405797613525,22,5.157430776651573,0.38269182068866914,55.46409944786164,2.1586492149257412,Urban
3.2680022527304913,8.92845122516736,6,4.940518239528218,5.6962699323320996,14.392967552951879,9.00152872777269,Off-road
2.866797252562576,6.216338790499883,26,2.6993838152726135,4.29584451641382,82.1570607928114,4.663631945457902,Broken Road
2.2902323964843974,6.329024869756573,28,0.8811872196290822,0.14009963665805952,87.27220311465935,5.7834372892452865,Broken Road
3.0758199476194683,10.703330417576472,14,2.3552882866670046,4.606753351181262,21.356025412501666,7.638693229042958,Broken Road
2.8521178537670777,14.923811695875179,5,3.7541263794077775,3.1330833325204934,85.79860693782133,10.91289758783584,Urban
0.8156811943239182,10.603909468041921,19,2.780978611431722,4.698254504977206,88.3954945465736,5.145235493317399,Off-road
3.1454446950169266,9.251184425810324,26,4.70311668404967,3.1827311724544725,57.19571816740902,9.443139304588463,Broken Road
1.9798293983216473,11.4984566331102,8,5.985974651283174,3.882046660048593,67.33700844115526,3.3664095370409584,Rural
2.8645525120414064,8.047672959688336,21,1.2276793218484916,4.739356766830738,41.31254540137668,8.436067132898641,Broken Road
3.1571012897475277,2.7818504538102076,19,2.8119398359914776,2.4901375220683546,31.77020651338027,0.21863716871936006,Broken Road
1.2494114674071506,9.309858606412828,11,2.6428050213328502,0.11597808394066733,73.58839896040625,10.48378511918949,Rural
0.5631713509413333,14.449128698569943,18,1.89650594321881,5.1146843260766115,86.87813915650177,0.5584790434626575,Highway
0.9521860363884076,4.278938250649576,19,1.2687635486497086,2.3472531394855096,67.13736753079601,8.610494306198493,Urban
1.6094557024666458,10.970063580668654,2,0.4875834872889895,3.02665208349784,53.60110801142218,0.7458466332831499,Rural
2.899448727544227,4.612137952567734,14,5.33400397161982,0.14582318870841543,20.097852850196297,3.341699252849241,Broken Road
3.040410924745933,8.965759898150058,1,2.577107316349274,3.0033428610655784,10.078577697457725,6.0669883619673275,Urban
0.22294203075292934,3.256793845407355,29,3.0316835591502884,5.920275669273204,47.34072007344091,5.155276487109211,Urban
1.8854660985059668,7.854822171356407,20,5.509958084385404,1.741779198830741,9.68820855125502,2.463666152291925,Rural
1.5774563103909705,11.830123275638199,1,4.680113817344092,2.4329677944300308,59.08679003118638,4.139015958169002,Rural
0.9329557745534098,6.518429815106767,21,0.8699574582913869,4.154420979165192,41.35927317518827,8.786935166719411,Urban
0.5955557122011532,10.643852418333834,2,3.4359778088856805,4.907282638389586,76.9329663697871,8.09723369243985,Highway
1.314130065631972,12.340849490266478,5,2.709288431465399,2.562610581635992,34.03660719943743,1.0474120884142053,Rural
3.3116020229113134,14.053311653232885,14,4.8035453282147005,1.9270463353676262,61.33335659190605,9.018326741760058,Broken Road
1.266569675668492,5.050347064120896,26,4.372972030910501,5.633172219911896,56.07993456673454,0.8259413981249346,Rural
1.912009051753108,7.191106905521006,9,4.173393759275324,4.095155303362849,5.44768042461291,6.606531391377457,Rural
2.519962564354087,3.9814081732954265,8,2.1092145293313918,0.8022256965095323,11.876992835109483,3.26874042689785,Urban
1.39997768785167,14.902285528058878,0,4.849286009355602,0.5066744809944269,32.58498018617195,7.134743505205863,Rural
3.4068808729791704,14.051012583015838,15,0.4091086440096813,2.9529441196631776,88.81233269697269,3.283675072102642,Broken Road
3.376076073308967,9.019442693647274,5,1.0417869184497868,1.3985313896789076,18.96642071547896,11.822504041584807,Hill
1.0308815762237016,12.946432826893476,8,2.0801773105696792,1.5985100449198957,72.53496139375146,3.8547925679848762,Urban
1.840920069444872,8.772453704536549,26,0.5531639023087596,5.2783838550843045,97.4698237844673,3.0551355009590533,Rural
1.1928984223953398,10.106613944035876,3,1.4864662374546807,0.628439543466233,80.10391750565974,3.4858904328010833,Urban
1.139973631445643,3.158617617508216,26,4.997890799687717,4.320648279850449,28.079809360269174,10.778379715659685,Urban
0.32172692626995825,11.818515466458503,27,5.694684072961468,1.6997392949454697,91.29469973924276,7.7073821782982685,Highway
2.2115623021336597,3.660275287258053,1,1.8971538990677241,4.585936506284412,13.845179868297057,8.822072349565161,Off-road
1.8588407766552428,12.73887919328287,28,1.6606432435341458,4.362227168334913,49.4734844777199,11.032524019113335,Rural
0.3698798791249649,12.166365139715017,3,1.751366648253919,0.14361221852132885,89.3164812340093,10.960095321171089,Highway
1.1195333319808176,11.213681070658694,0,1.7385426153699788,3.103898936237435,65.92024237940262,8.919560989628984,Urban
3.197277423689957,2.4700849468219075,18,0.3119880748972407,0.9219849460304735,44.29623364913139,2.5343282603276105,Broken Road
0.9905542392010089,5.940668627289272,25,5.568806443353537,5.210739480414193,32.81722234003104,10.151805183965065,Urban
0.6781530779010362,5.420463408840957,24,1.3608190352649376,5.242356708888199,40.63444350524325,2.604557203454552,Urban
1.8151941089159578,6.681773297129748,9,2.5780240370802896,2.5682402642131725,53.34946919588219,8.966206006361498,Rural
3.4526464985649823,3.139355707929901,20,0.15715260817170967,2.7219341488613753,35.309173337916704,8.290116185229516,Broken Road
0.9987823959879514,14.180451699403816,14,5.161935036398837,1.8893693424867102,97.05194689781847,9.15488843165727,Urban
2.4180473064393992,9.199429129260892,26,4.4138283322840115,4.327977163864183,93.64237704128378,6.485691032423026,Broken Road
2.713344730584768,5.971816038554306,21,5.685860607524849,2.216102041856109,87.71378948036048,7.736968950540792,Broken Road
0.9842038951749188,7.160759721965684,18,4.711531327258754,1.6799755996835395,45.07383437465207,11.449176949124213,Urban
2.6031139504191367,7.813633026562863,15,1.9508684211071852,2.6501632510765987,70.67366808684675,1.3928454112557358,Broken Road
1.4136843379735355,9.807726333688024,20,1.5624528164976996,0.6397763584860064,90.76878416841664,3.8443978424231164,Rural
2.2866092409588124,8.70383256005447,26,4.216526214564428,4.504958907400803,85.79080132949817,7.414012754560913,Broken Road
2.290648045510953,13.952095651787426,23,2.248265372561947,0.17431876750354308,44.36106633191973,11.575838735551574,Broken Road
1.9680564574467028,8.460525277775794,21,3.440668592940438,3.9024618629715047,15.676674685614767,1.3277784824186936,Rural
0.4979562411795474,14.898054192703064,3,0.13691907905617437,1.1789007078537475,12.1848845642822,0.4660808140550199,Urban
2.9564982354444855,13.068524450686244,1,0.46512563991480393,1.4711838726650377,59.821084296441754,0.8578452619498707,Urban
1.2585742144067282,4.7106366866453655,29,3.2586708529717425,3.850228791976236,66.0496538450385,0.8183871002421459,Rural
0.815511084319519,14.09773779037091,24,3.4398227140441744,5.958366448119152,85.7350474367173,10.912227121773372,Off-road
0.33455796713072095,3.512763172511189,12,4.533572372310127,4.6885331855280485,32.78892693239795,8.710843313619131,Urban
2.149946712521198,12.62684621038549,27,0.8785953857813743,1.432453830118013,20.909696602254037,8.189855121116084,Broken Road
2.435962394079532,6.948102815195541,0,3.127780194164995,1.1385460547426896,41.00555415192895,6.366359279089353,Urban
0.2547398354619253,13.413666165785903,16,1.247241102146963,5.210773934579255,38.58963674506613,9.427040880271392,Urban
1.889907092387627,13.284736971396855,12,0.6498571054198987,2.7206852927368756,17.584550631696203,2.0366463145867715,Rural
0.9474360581531953,12.477030201529075,3,2.521925184957272,0.9086115366861173,68.86685198874946,4.824906039503562,Urban
2.3290702083511845,12.270395671991798,6,1.0636862237254379,5.187047397599435,53.325734369290714,5.982050159019254,Off-road
0.7754092157164718,5.96082880827453,16,1.40851367133468,4.914944882194142,73.5066618309028,1.5028320725853699,Highway
2.4800945357381377,3.0519506796662785,8,1.9735720212300605,5.9050475469932655,38.50565641612479,5.150261770182701,Off-road
1.4762266427917734,7.238742323947099,3,1.630391564384858,5.4674877516048355,35.94171009988172,3.9347209952989206,Rural
3.2912089628312238,4.255818694824613,18,0.6167886546950838,5.1255629980971955,49.89470603916629,0.6198693203628591,Broken Road
0.6538191156817776,11.034364155732002,0,0.6305058446722435,0.4101889470849186,88.35369781253897,1.8134777522049759,Highway
1.3255189584658529,6.499296444991212,9,1.2401715498815924,0.7160506800388964,8.826724139728132,9.215634513376166,Rural
0.574462620093944,14.682932611178893,3,0.3982992089612799,3.4570008463943247,81.45911764316484,0.4128473321548046,Highway
3.2514889403192573,10.332637005489316,8,3.7960964160938704,3.2357275530627434,40.05382320248687,11.22418892933706,Urban
3.095219866157237,12.692247327246692,12,1.7952276274025218,2.8019829654882598,86.18880744990538,1.2198106628774015,Urban
1.0512073714600134,3.7228207456440296,13,1.7505012098375192,2.4410570199460473,81.20928583940636,9.631009511600807,Urban
2.3779473519127907,13.206188269544093,9,2.058789936002815,2.644141860699541,38.132318502628394,10.803675183132954,Urban
2.896833260664012,13.995843476674127,5,4.0104980178373575,3.4588578113952924,70.91827085555352,11.305399901235276,Urban
2.0321626782782256,8.331804944646166,15,5.236739900752594,0.11225145384047913,20.165111893476812,10.436228877252477,Broken Road
1.9478469085748213,9.881288190762707,5,4.578612902078267,1.6381817673838281,90.14674745555986,3.5930904652202305,Rural
0.9981125599714906,11.94252741173894,16,4.392422458328061,3.1578503520633956,43.426651122931396,4.130428149794029,Urban
0.5072391337594674,4.272902154385363,9,2.957907995045011,4.361074982174513,48.28443345874402,5.233239243598897,Urban
3.1608120012459784,8.533358994024752,17,4.193452786107729,1.1275244851328385,72.04710984851357,1.8437009350037898,Broken Road
3.1713795886389904,7.182619361040071,26,3.361297971398141,3.3265989253458548,82.97982248696084,0.4628149697932416,Broken Road
2.289234809001784,3.9028618981092382,21,1.3758781163005207,4.3153121349261125,27.452560616179913,10.455635048516209,Broken Road
1.3187983104607122,6.777947489789908,17,1.3306713696721995,2.723303181692038,67.82826328831456,6.7387188512833855,Rural
1.3523915962217807,2.8862400220114166,2,1.8487128405641724,0.2597786886533012,42.239814169469106,7.382930717702953,Rural
2.59565374027179,2.335554790343331,19,5.473735758721898,2.7506821349472568,40.02677778037633,11.138464002849984,Broken Road
3.1604638578435043,3.757161759012696,26,3.329747558240383,1.8490248376905036,70.5524532743622,8.048418101740666,Broken Road
3.127385200074887,14.52049645065926,20,4.430041724311029,5.584932685437837,41.78241104481376,8.352071351209798,Broken Road
2.773589301330159,9.14388396663522,24,2.144696682917631,0.8352189755021314,37.880307515618725,9.486230051553557,Broken Road
2.3187044323091497,14.55568809499186,27,2.505523046924829,3.94960813749267,84.40939877199303,1.5729117083173647,Broken Road
0.47766188448366115,7.622472418291716,14,0.8408369139597831,0.41104662137355685,14.621231763945605,4.4499134079227405,Urban
0.7333747565122255,6.053609730108374,14,1.1106402511478553,2.7324055830949097,69.20979916887002,11.624853546899722,Highway
3.1652288221393614,8.579844216923174,3,4.981403673474259,3.368478974598476,28.62891241010934,11.090574921587157,Hill
2.2012158968766466,7.713651952227831,28,3.5505479269644042,1.8579340947695064,6.472332973488079,10.632088496460181,Broken Road
0.23035027033487784,3.373640895402671,26,2.0914415487145317,2.7849462495702686,20.842605542905744,5.534644421999875,Urban
0.5348560914579059,10.33074209097268,8,4.836822133073721,1.0649673877281056,62.63284532870743,10.314876852324307,Highway
2.3895558380565842,4.808496372624795,26,1.5544674432640997,1.8943307118614137,72.36708319116406,0.7710714069600342,Broken Road
0.21670322669252168,10.054643413671785,25,5.858592921741202,3.7645273169701983,7.000489437850404,1.9525056062339858,Urban
0.7306665696777455,10.452614201175994,18,2.1344238857024016,1.8806203295808153,8.460417113663414,5.084818842111839,Urban
2.010821504909734,3.9763230906724254,23,2.0901346294922427,5.408484162612343,90.74150091008055,5.904026386849092,Broken Road
2.483254152385888,2.797545152438686,27,1.940280242666561,3.80760105008184,11.964052720803384,3.309384411546111,Broken Road
2.351472156358582,12.149900618889717,16,0.8204579439532987,2.6880292087723086,89.94730506857427,4.406424716003892,Broken Road
0.9400887212198472,7.977405509001162,10,0.7557091692588732,0.32866591976967663,26.675761806336048,2.120757992099352,Urban
2.5501914304468682,2.756129341571185,24,3.9238197037513283,3.0473351777075606,75.30169101503022,5.971781574247705,Broken Road
0.9829219887394403,14.933262123206973,8,5.263196462892477,4.612179828538026,34.42465864987115,9.567350855840763,Urban
1.2738190039255834,2.7511472929527665,9,4.764071010602874,1.6667898282732405,86.58144243287246,8.004052645203407,Rural
2.66342163688948,11.035457975161192,17,0.9325348047259715,4.8599640609277275,71.543212215314,1.471948518913387,Broken Road
2.3437885668558085,14.787826028424377,19,3.3189345185731924,1.5856599197002008,43.17227856716104,5.95346292008125,Broken Road
3.002437254630787,5.109341354807033,12,0.722990121262176,4.960103688909722,12.248733146537557,8.432227316800754,Off-road
2.3701225445911334,3.84924179293355,7,0.3672383973171569,0.6030832155088967,74.60651746772668,6.4527644993365065,Urban
2.0754183910070565,3.5780042124915754,6,3.972676570370127,5.210483882327274,63.60405181669225,4.8217720391194785,Off-road
0.5091267338327052,5.942576918378743,16,3.2573987687140673,3.0452000605066503,5.27661319420993,7.538590171149763,Urban
1.4134621500961304,3.313595543138407,20,0.5839397427476781,1.849571778759546,5.894886317382306,11.62993625054325,Rural
1.075167813349694,10.998097442023715,22,0.3061415537953318,1.664168177449378,81.83533245330592,1.3199133352397203,Urban
1.0051658231509757,2.809793375690815,14,5.939562839115074,2.64886229768914,29.642975186176116,4.802189516821216,Urban
3.4109348306830705,8.622487665947267,19,0.2771258596795241,5.9943920388115055,65.43269843416624,4.997949065943929,Broken Road
1.4972224914003092,14.9570591000887,14,2.722716692995942,1.3999316212817372,48.15036987769851,7.008214263526779,Rural
3.143753632084474,12.581613503578245,0,3.077252245185404,0.7089782283860978,87.0258513795679,1.9956603022066313,Urban
2.2827574657909677,9.997852697003141,24,0.7919528720226258,3.5517074954401053,92.11130574473641,2.284387752471541,Broken Road
2.82287730168744,5.981297070225952,13,1.097464492794326,2.982400551997517,99.69673270449114,3.5672643547746854,Broken Road
1.8587024072471339,10.1106458717913,4,2.17564953782108,3.1927579992735136,19.59999290168845,11.47926651056853,Rural
2.103782819266985,8.851539030851471,10,4.593887669660609,4.034918963587581,86.98158441517016,8.862481258524651,Urban
1.8253083896022508,7.539083990574829,15,3.091786301955574,1.6761500122368311,30.27203078923617,8.007980959959738,Rural
0.8443018597335468,3.6992348976225933,1,3.8636210598624734,5.472923472764942,61.12750811507323,9.840100711252294,Off-road
2.5840919803629676,13.525854798126067,7,5.912529875034981,2.6704651901215133,53.04841921757504,1.7054023332169768,Urban
1.1265487960548242,7.847200434677193,10,4.631232068347937,0.8616085513405245,6.708872499376827,10.340127272740268,Urban
0.2802426892237977,4.530092653669946,28,2.662732839033185,4.479562664730271,93.613271591079,7.219026023872548,Highway
2.330058576493654,6.780871561404765,17,2.7340073385996377,3.8943156804453167,12.441070239175753,4.156882288015439,Broken Road
0.7844652420432614,7.383686782876051,2,3.75075525454193,1.962886074655819,70.3807973437349,9.827092017799147,Highway
3.303513328364617,12.757992642369366,29,4.025654729671536,3.7669604718008864,79.5756494397849,9.670261505313764,Broken Road
3.3479643041085385,11.536986947298226,25,3.054194462436361,1.3971855425769637,80.55234565953,10.17936126425738,Broken Road
3.21905248772748,12.000963617337417,0,3.904681214608382,2.7245522201091243,17.871979298240255,1.5631112212623894,Urban
1.4215237108429664,2.1434064375724136,10,0.23884171704318277,5.406533880787219,47.51914529825735,11.638462690950156,Rural
0.2510068345452625,7.4100019763369,15,2.6347748969913805,0.8878519756484216,83.79574269122809,11.523588614718827,Highway
3.263451256539494,8.257473971259207,17,1.745734648833513,2.381509054926026,33.75452498598169,4.41814181692055,Broken Road
1.6130076894471372,2.249499598699737,29,0.8621292269343513,4.944740305850049,49.43612416059304,0.9775494149006518,Rural
3.3899609028441096,5.377571713685445,15,0.6873244255717733,5.819996306496451,30.91541980648535,2.1712568997316715,Broken Road
3.3799459243945345,11.883767700587756,22,3.6588337771265387,2.778164204888596,49.03738469910579,11.915403740247426,Broken Road
3.014931203042288,3.7824261744769876,9,3.1892432282004095,3.09129775884575,89.34460264632361,6.843552729425625,Urban
1.1716813438296327,8.959031708883693,17,1.5961462902785784,3.4758145745242417,48.2368019481131,4.4081372261474145,Urban
1.4708225043863532,4.797624336224088,5,2.8786053467578356,5.600854035638894,57.811641622060435,3.6007917874304587,Rural
3.0087510160056277,2.1575700703706127,18,3.004170659576209,5.163420066764476,43.37774691379294,3.2325024766691812,Broken Road
1.2458426170157162,5.13561894879404,3,1.2505529845878334,1.1065466352677018,48.711132404315926,8.037002627642888,Rural
0.7593260640641053,14.686358813830699,26,3.947349065101739,2.6768711252977426,6.441548909410061,5.148776411932294,Urban
2.0374441661125555,12.419982454478864,12,4.707424202677934,2.8376025263589155,31.95582344624332,11.591846252549617,Urban
3.289310754730577,14.474496376173434,23,4.769634891248162,4.755667058727664,46.47526356547332,8.269347761615265,Broken Road
2.496898329027411,8.342102571042712,13,3.654572001150385,3.6570680073720685,65.21071271930924,9.546126174377742,Broken Road
2.0812018612949044,3.4265705828075457,2,3.1186676368621833,3.9599007259711767,47.754933402619756,3.6543502732812874,Urban
0.5206824294435362,9.123473356658009,9,0.45994214373182984,5.9893794552271435,37.09261911554859,1.1343996274817851,Urban
2.2295238481072603,7.906905349279492,5,1.7982046632244748,0.5422642564730771,41.86937985769493,5.956309481106197,Urban
3.467177705344069,12.976642075615008,0,0.6503015359912024,1.4157579588490248,28.01786627404432,3.912062249245482,Urban
0.6622772502805293,3.2750735501951795,22,5.7865566491829945,2.5065860304921266,92.82695686353502,2.5845813470934997,Highway
1.910487852800331,8.347134781283117,23,0.8969728627319882,2.1519161779884346,54.56560645013688,11.441177143450163,Rural
3.095331137362253,3.9506326410217953,26,0.9954749181215021,0.2277088119472032,6.2738981178516955,5.439060929235958,Broken Road
2.6445364385888745,6.22078704957078,13,5.3485020481499035,0.6414878781799375,6.847394549856928,2.261561386175671,Broken Road
2.5001519452843843,11.585642006041395,7,5.669176872511101,4.1176244192811,97.43135532044396,2.544077701637442,Urban
2.5181974771574605,8.188235681793966,18,4.618391331485968,5.288014333839108,26.03783468045828,3.5123749610822097,Broken Road
1.386320799025192,6.886547706895001,13,0.13188904966875226,3.133939366469268,81.5327874373599,11.99193196463861,Rural
1.1688530860728281,7.128191621410459,9,0.10794299864372583,3.281227369130435,10.536153648254576,3.362535706131249,Urban
2.870891813079095,7.972807989277826,16,2.3307945417459597,1.6050512537110386,92.51045998598217,4.079861294025753,Broken Road
2.8733742024412967,12.205215069881739,8,0.9460326830642659,4.630470545438897,88.06961534833445,7.980071910211217,Off-road
3.061338651314342,13.597100956223047,28,0.208478238694424,4.535588065466812,59.2538504312789,3.6687442416415204,Broken Road
3.2136938234363552,14.419350924551068,5,2.837993467486578,3.5713575663841746,5.854872441909299,2.746490162504382,Urban
1.8874299162410946,12.229744021318837,10,5.6640651947011325,1.354719290416923,29.49203303221707,2.0719188024652646,Rural
1.8550037724677586,6.100289644724166,24,2.010535491924345,0.6724074875988277,43.64815150285417,3.8896554473279483,Rural
2.834374090590358,10.945751179125049,6,4.000730002729309,0.4790075975570428,48.706091091018365,1.4498051376195276,Urban
2.3448809715666252,7.688840612720095,16,3.9481885834814006,3.596906793192979,33.27948206342534,0.4200297196944382,Broken Road
2.516490694950421,5.310718086598666,27,1.58137261162449,4.96770838294252,8.130047483325349,9.694772028549192,Broken Road
2.8261158091391336,12.931330532536993,27,3.9375089680607998,5.164149547507456,61.0621035630215,1.8271603204920035,Broken Road
3.137017627997969,2.499542536510225,0,1.3527704482926586,2.8353702386263544,54.79469343100181,9.35652682781986,Urban
1.315384017610068,13.722905897760505,21,0.8198437401036454,4.7272006659096295,31.885060365762385,9.611001252042586,Rural
1.4394237437118151,7.999207040121544,4,4.238161384802171,5.686593158412039,8.60771691911262,6.5474504106850695,Rural
0.5101404014748676,10.283619198507646,8,0.7693008209131088,1.7235036636796013,99.48644778608431,3.854247108092827,Highway
2.108324465287374,10.571600988675176,17,5.981764389677196,2.4479660436464674,50.788687748508565,1.9113862582486838,Broken Road
0.3186095035292489,13.636530629184973,23,1.1823691667863532,5.595726056320416,76.82040296853732,8.894300259307789,Highway
1.7364734598371183,10.276705868173694,26,3.6054369902630996,2.0955627071719807,47.96983332987687,7.296366434585075,Rural
1.9907272945350027,9.981136601880802,20,2.5271099713342777,5.4918701128985985,9.101177631979436,7.934350786624058,Rural
1.1455861320233385,2.8664765272889694,1,0.845679892193436,5.888164687301348,34.4120707831225,0.30229526017254627,Urban
2.1497497598777353,8.739304285287652,28,0.26427905470673907,4.004683298589105,35.41046339556061,11.14470078535233,Broken Road
0.3006508247988631,3.9521970106215414,25,3.7741204655277167,4.919652708074593,84.64352588465651,0.982224211869293,Highway
0.3232490228724076,11.586638993379312,10,4.859869626355844,4.522318828904402,67.15184790998806,4.528309444652067,Highway
2.914581850176872,8.658884970564769,26,5.06789240288979,4.22725211993159,31.16584084574992,4.951997465890064,Broken Road
1.3886291166571674,10.842961129708593,27,2.9480094911539134,1.9108933305892724,96.93529569261317,0.2159951890757964,Rural
0.6192996917512198,2.5417477078309956,5,4.686987256376074,0.4368565936568679,35.54647407779778,6.065653850339406,Urban
1.9234027581808544,3.1022962085954418,25,4.069798087582414,2.124005221865939,99.83223245372844,9.083146135229917,Rural
2.740978725225416,11.31220404481487,7,4.373101712244886,4.034922312703049,99.63555085117501,9.914570106754311,Urban
0.9122093907395825,2.937096367982754,3,3.0063341308087033,0.7049222695440281,23.16499918594047,10.576884521009436,Urban
2.255538570202701,2.926337460948362,17,3.83712926742855,0.17031609957162835,34.71040603789802,5.95508264612136,Broken Road
0.4816466344794344,2.157410178053537,27,4.852602890098736,0.924184998357338,51.174198856042146,7.641507048249876,Urban
0.3705496798564054,14.434518177893242,10,2.447516635786436,4.3228419658236925,68.08956375904964,1.1383326168986854,Highway
1.9534702841748883,11.58760867296709,4,4.855275515118744,5.839482839773019,55.164507655360936,5.95885104652465,Rural
1.9840959013133515,6.592268310526834,14,3.592899372455471,5.900081727727441,97.09693956756439,2.0268259074864763,Rural
2.3035186749440815,5.854962556739518,27,1.0788160437876388,3.014476979927109,73.77897060239069,4.561788787945753,Broken Road
2.596101401284783,6.546141986696044,17,0.24563652762504923,5.229178575854849,25.14426069138257,4.085802691802272,Broken Road
3.4203118622263644,12.070495905355363,1,2.2402462423549974,4.447276088933874,14.98426727029564,5.197778811449797,Urban
1.9037911493939443,10.597817943915388,21,3.3255083369484053,3.0561373982091604,70.39812261738889,6.945312092094765,Rural
1.2657563607061115,4.407542382277083,10,5.054940078000581,3.479287144435012,20.052981817172483,10.853944435343351,Rural
2.824114442736722,4.263421359343097,25,0.8521655128274526,0.9096401650395394,79.82929983189665,4.854918649900563,Broken Road
1.0937464291648449,3.279143446274165,24,4.8212174513331165,5.632202617637893,34.54848338973201,11.777348109396298,Urban
1.648605688328599,10.583935356117395,12,5.191753371796639,2.1763856473174834,36.05485999028262,9.156530967004194,Rural
0.4589060584294777,11.936844608882566,3,0.9890561733049194,2.7322806130973003,6.025847277003637,6.235476352102923,Urban
0.2836574532710098,5.445603568225052,21,5.124406483894893,4.062795362887603,71.59607037402887,7.799511957920941,Highway
3.3767397684371527,2.2722844934018664,6,5.949576050272473,2.0700245820066683,15.76062654114515,1.406245219356945,Urban
2.958734397690279,3.0682316771935554,28,4.388349103184601,1.6001290498346903,78.42365485903422,10.165354069501127,Broken Road
2.496714880109203,14.582180452985396,10,4.730141122767429,3.8231914202943016,51.72744308213465,7.071817969754798,Urban
1.5495447165670906,5.840782107206463,21,5.967050078597353,0.2474060854629118,79.50658242068407,11.835596266473301,Rural
0.771871256233791,11.999900921895737,23,3.672339378103078,4.352278160957406,60.47302122378542,7.7098591762836195,Highway
0.7162422408145839,10.120626395105429,3,1.9165296538958716,3.132737882271408,12.831160841804122,10.042516682542635,Urban
1.0258015639431646,6.965215315487646,27,5.041431921048728,3.673947010073513,77.73697198699239,9.637200364983828,Urban
2.0124479935301975,4.673934408542216,14,3.7254660873186247,3.8280929395566226,11.630951065001225,4.276441587325572,Broken Road
2.558166544910206,3.5780234360722836,0,3.529052999953644,3.209595923306126,50.47666345408656,3.263405377751898,Urban
2.3786513431685132,9.995168584505265,22,1.596449777532826,3.5369492869003425,21.373175343771514,5.279824284491818,Broken Road
1.1237818599216114,12.070239148291243,2,4.562372190539031,4.13435038525026,76.47184190789908,5.713447864024278,Urban
3.3510554261885406,10.370755296034698,13,0.581836927574568,4.543401198360077,91.60116664158203,3.0329994828523983,Broken Road
2.635059825096036,8.893927732239058,5,5.5532937176885016,4.3919691085881105,57.641985519036055,10.756254905541468,Urban
2.0293683732876224,2.5453659046112715,17,2.02235841854586,5.230737100620344,55.07899295842215,6.602064775147624,Broken Road
2.2186784625733624,14.59035410872699,24,0.8538704514609436,1.2177162556876764,77.5765036509337,11.74564382741212,Broken Road
1.5846802060117067,12.38328449150947,0,2.709962545304271,2.4667730200016056,5.482487232694085,9.758209780945906,Rural
1.0175122653538196,5.8066864771125415,5,0.35057246461354563,5.691996789485297,92.18707105034026,6.7573173526249635,Off-road
1.374709839549163,14.739614281665059,5,4.139294546163301,2.4398843888793458,23.757637623657512,11.375075282103438,Rural
2.700892164532418,9.824460665272188,20,5.425962511627602,0.8367334537449438,98.49129396349254,6.157522818124624,Broken Road
0.24749851247819438,9.571494556694205,15,5.039851742117202,3.2001262455368598,74.9441250562439,10.66785684772031,Highway
0.5830397136728236,11.724951332583917,28,0.8514798933424984,0.7459967380713268,78.55385903156375,4.4261084181105055,Highway
0.3518087186717841,12.553007245171788,4,0.8449997089356179,1.2968341084944048,67.33928313549262,4.66798012416831,Highway
0.3344050476526015,10.534221895309534,16,4.899263445713158,5.990080663768644,49.80800236459023,5.133942059056988,Urban
3.023019927236324,3.6652447027606003,9,5.553100220158384,3.294039566537179,59.30463086931072,6.650182622130305,Urban
2.522070935954078,6.397477577928479,27,2.817951996017586,1.7759444953385315,9.408274171436936,6.731185188346124,Broken Road
1.764773635988173,14.065087324238647,20,3.0439295897912193,5.969172231986046,64.27615339604137,6.057507275789594,Rural
0.5228527301483048,4.920002953970075,17,1.977746044175783,5.802697619475345,64.47931968876944,3.8108114882813764,Highway
1.8223323878855466,6.838171309887673,6,5.376164197712843,2.700360342397155,89.6640757531719,11.141036284531806,Rural
1.7624568435758665,7.616999478274548,2,3.9049271412249005,1.6363783418486597,53.03735395587084,7.145315948721201,Rural
0.7715661707030501,7.712264866027878,12,1.8006843052874744,5.046557864743921,12.328715538175796,5.0113227510608205,Urban
1.6317104424853108,9.968214572428831,14,1.8628189392200847,4.322162230133536,34.088612445797715,7.883888136774695,Rural
1.5150656235113322,14.259985890681198,19,5.358080431075254,4.152954466520711,67.28479415086017,9.262007742155701,Rural
2.2323053235723145,5.129005253822564,18,0.18044074104434668,5.369371073802588,27.729591961389072,11.536591441093268,Broken Road
2.2958090478632247,3.5795178919119346,2,2.004086779087167,4.167561089840815,31.650143076263088,6.094680114757475,Urban
0.34950323224774693,4.567116368179185,3,3.370704419176578,1.7744078639451402,82.94455655428108,1.5227624221389537,Highway
1.436221628267355,13.530023702720504,4,0.9744830263860154,4.1937926550668205,60.51037451745736,5.401036456951188,Rural
2.26533772185698,10.395540564517677,0,0.6433826497775798,1.9042997165736175,53.310106018489385,5.851852625150963,Urban
1.8603496533142894,5.716788260109082,3,4.910130353434304,4.579509979976271,35.252936846551414,10.784530122590953,Rural
3.0264164759214633,12.607310206592024,11,5.376985893026193,3.7565123415002395,74.43816341363816,4.858649067862847,Urban
2.3736889843425186,13.197809952724668,27,4.959277882709317,0.5567281567100285,32.33325127655279,11.449226325668233,Broken Road
0.737683609368718,13.004686402973615,26,5.4028485494503515,3.125728638367338,75.02103417619665,5.924556511029151,Highway
0.4328768664214185,13.946044937314207,23,3.3633606292443923,2.125475718254872,11.65964062540699,11.69060991155136,Urban
2.3199836180808417,5.2791332622537,9,4.892322913843017,2.038566733120536,87.13142745029795,0.2967401893453539,Urban
0.287487324787352,11.815545073701617,22,2.3658515665074926,3.6533121840258183,52.45881402071362,10.80602142271489,Urban
2.133059418202429,7.98701346456382,24,4.0309803827263275,2.001716464369607,46.65826158640215,11.187221332931538,Broken Road
3.30275979670236,12.9459811875708,20,5.93412963519607,4.683673114408749,63.04722409648283,11.540047042029517,Broken Road
2.0990647869904007,11.47037880310097,28,1.431793570650852,0.5176694724659292,64.29824692514569,0.3543031032604553,Broken Road
1.4809607564815221,12.09381680449642,25,2.400408503117376,3.9962906891353702,17.543341804549577,2.2260698712936464,Rural
2.3228511208597658,10.53010388985393,19,2.9322795261295056,4.874249341574774,76.84219103254026,7.914421136500188,Broken Road
1.7122345386220048,4.306574003106189,23,0.9142913734183052,4.069706970530538,31.213188305255976,0.5005777624742642,Rural
2.0005354047425854,9.085349945660198,24,0.578127801743835,3.0336522506179753,90.97137861614183,0.9505861548827086,Broken Road
3.306833868962533,14.800706613818607,12,4.9953649112975835,5.706811381043469,82.69581302440909,2.808730709582615,Off-road
1.474138704742555,14.186044864462547,22,5.863086799682758,1.8696370898085755,37.89527394580111,6.246789271177834,Rural
3.371928860618917,2.5612585653611517,13,2.4878778765949865,0.2130905363973689,81.73523285406787,6.641650199348329,Broken Road
3.1876571184550104,4.142592604482683,22,0.6171340335484543,2.6487372916343013,38.8570974334909,0.6042812489633513,Broken Road
0.8461107448046783,3.712474054909305,4,0.48828938807440125,0.2947704218119308,14.59002975542386,2.2103335592220676,Urban
0.428892292888046,11.437738829808842,3,5.358777417525762,5.728226839905812,96.37938267894225,6.096526945348933,Highway
0.532567404545508,12.631209288140287,13,2.836504073393312,1.3385164699135041,66.9971914454668,7.208499327132182,Highway
0.2601320246501141,4.775647762038735,9,1.9881611677181126,4.754669441298389,48.32945503294621,1.9511400185373415,Urban
0.5116617704945636,8.576085008373777,16,2.9111215003124573,4.669975290728753,42.78846839544877,4.906328660974254,Urban
2.4539223522739775,12.9291393641456,9,1.9779941586848495,1.384600508129308,35.84700675453507,10.871936950900038,Urban
0.4349225399187556,11.526420081961257,25,2.985311074314958,3.7652365298329875,98.23752156576728,11.98701158714483,Highway
1.2526195799694122,9.049083671394028,6,5.171382741815827,0.38366591407005624,17.800990187436202,11.849130567007467,Rural
2.9880885261992,9.674519975964047,15,3.594578089266365,2.9530900556528183,34.90648059745399,10.603759221385094,Broken Road
0.2767973879282254,8.608687109911639,0,4.198457259580034,0.18641805090767177,51.122275826853034,4.8569890378093605,Urban
2.887745992543488,5.868129867144667,16,2.251556989782586,5.534748893066967,50.40995678015958,8.301576646482452,Broken Road
1.1301207567522198,9.34528590716721,20,4.45718468321206,5.858907542777473,49.77981601874513,5.115788287853545,Urban
0.5899439311514656,10.955508926651179,28,4.033040800788297,1.4114683231676532,21.699462503886274,7.852618916525594,Urban
2.499232645701697,13.3531979061905,8,0.8054157867371331,1.3278256041185996,18.768590075402553,3.8513031574399026,Urban
2.275511394373617,10.271787601730225,5,3.4785928333819496,4.546949041716565,29.202920701218908,7.353186592601918,Off-road
3.095657644639275,11.894579981561053,18,1.6147866282275725,1.5949384530930735,91.87998461119533,6.380350259323629,Broken Road
2.625734444552823,4.080931254409449,12,4.844164450838197,5.380951699054886,15.740031944278462,0.4888671365957595,Off-road
2.85148707027,8.000247167457267,2,2.613032479954943,3.4861819031255954,76.95538482046585,9.530294264204143,Urban
1.1307140894853114,2.1213110577522127,6,5.968636574659274,2.169587975760842,76.96709734767028,0.3403944204928363,Urban
0.7855504944730853,5.206825238781099,21,0.6457525838398863,5.012893103461578,81.92818837023992,3.6592401185889614,Highway
2.6770286804148324,11.444002296469062,8,4.704052390166935,3.0110995324390317,89.22847145398877,0.26990397235722796,Urban
2.862554639581971,14.893529367541724,21,4.074840227898723,5.478634190880006,29.988436866198377,4.639176676883339,Broken Road
3.468666968602222,3.289315294633807,4,4.628243100485162,5.575283996703348,26.333149580545154,0.9452942323368438,Off-road
1.5616383338077073,7.219426106196748,9,1.9144257933936926,1.0759788975576152,49.223038320110575,10.979429408608647,Rural
1.4276596831161843,12.400922593089074,22,3.0031214873561636,0.11370809617838862,30.183471031443432,5.1050156829218505,Rural
2.76216277044859,4.6524632501756855,16,4.799400266369879,5.905192546840174,74.75944895339521,5.622050143400039,Broken Road
1.3246516828349588,9.216104340929721,11,1.4719938565630446,5.446211463152128,65.4142597904362,4.328232785872088,Rural
3.2714991744917636,11.529926848385772,22,1.4335958610530475,0.4271268906526644,88.1238303650019,7.604572619580843,Broken Road
3.032762081081939,10.007810853382328,15,3.3512006244401014,5.014902157252313,12.860138831271797,9.456015776094803,Broken Road
1.6156802903375604,4.44432155000041,2,3.1890251192261494,2.801049102099319,91.9329166690171,7.84813156797794,Rural
2.6778745237119415,6.619999392914613,29,1.7653485754363039,1.627873469647354,32.86811953365851,9.028843997062506,Broken Road
2.6899914844794517,12.189293198310164,24,1.8586463380964544,5.284604489693886,51.61596286306348,10.890489229409273,Broken Road
0.5403087671585776,9.204944683716217,21,1.7392864629187366,1.260336671102813,46.66808641426615,10.389849073722859,Urban
3.17842459204257,2.0679849760578657,8,4.6519211657910775,5.689069996578395,77.22960685492026,8.153889742493611,Off-road
1.8673328290779285,11.89287988036522,28,3.946215106818518,1.3131667774261124,44.93166439602504,2.732727962272258,Rural
2.9273096381555472,2.459047614223108,14,5.011261382120491,3.7207308075995873,94.6375488366939,7.72489364229476,Broken Road
1.2561636834010186,11.694539175506018,4,5.855290867052728,1.4162093737209518,90.74071885066468,6.1717805297380295,Rural
3.1552266540374614,4.632247282148086,22,2.89756934800472,3.3194451233149453,87.85530943710312,8.663186925922956,Broken Road
1.4843655398227382,14.454955241551943,12,0.49349390029214824,4.135453266499334,11.76954160158165,10.028593451036395,Rural
0.2357642498849846,6.783229766927098,13,0.3837446314310091,1.2223447918388117,86.15451584762425,8.964113666799726,Highway
3.18776052218357,6.2501110123950285,19,1.8444237317025531,3.1732261179340076,79.255367317105,10.189421805543166,Broken Road
0.5012460333942408,3.935544654321781,14,5.6020130771794605,2.867452491901702,14.833729965582446,0.9536232054240814,Urban
1.253735004048369,5.972854801372794,15,3.186957024328162,0.5191207862797134,15.204360916441077,0.5731164512020748,Rural
3.3352044912676564,13.396459903766607,22,1.7035404448727622,4.928016124284287,14.610562094166411,3.250306698855209,Broken Road
3.3370035848939352,14.952346389154215,12,2.4550840876150155,2.0805261637927663,6.076596354426316,10.827859792481815,Hill
2.092345030806844,6.788023896589029,16,3.631711133687558,3.49003496555609,57.120258993485436,9.919179161610892,Broken Road
2.2850628001603375,7.831938202409053,22,3.9524029830132696,3.1372269861054933,97.47245768642411,8.256182113984677,Broken Road
1.6798702225284552,11.386922196635581,7,1.0081251077191398,3.1282369769656095,46.67504677548039,8.468952275788649,Rural
1.167595546603613,13.520545146045968,20,5.864486891616538,0.732612125830076,56.37196267929885,8.774711537246908,Urban
1.2845929997207226,9.709576344428193,1,3.314156139198454,2.5985438545710635,96.95713069314577,11.322711865720013,Rural
2.419310905054227,7.0898340763117815,4,0.9005610749744479,2.7689638793187643,29.242311733551915,10.01985559722918,Hill
2.682835947144344,7.364083931032109,5,5.372447994742188,4.428492758150246,86.55467399683498,7.556006566919161,Urban
2.8122108442953,11.04303590445849,11,0.54036674336863,5.056111108332121,56.90709438511493,8.055442136034259,Off-road
2.805739871222028,2.041837426855623,17,5.455639055747325,3.3153954407901063,59.10026889298602,2.7221350923212393,Broken Road
0.5009801400606781,10.054661386977928,29,5.979737372104997,0.6120194289834439,37.60151643469194,7.956362136844016,Urban
1.8315870055185188,6.621409135737646,21,4.232547615023373,1.4974118765196232,58.35051429185627,5.211212346537811,Rural
0.3899439080549261,12.324565306602095,21,4.64563860433654,1.0731107584311135,11.948538400436973,2.0049500731477763,Urban
2.013445311668327,3.208878317700718,0,2.09008673515817,0.835228872815836,77.64113939834066,9.715553267109577,Urban
1.657050654532144,9.646629470329078,29,5.655303431130209,2.258805861845065,32.04533734670581,6.220915777677119,Rural
3.129423803102389,8.25264756851961,16,3.2253124000393694,1.4534216627108543,89.32279130192572,11.733615491935174,Broken Road
1.3580195414218597,10.350231836767957,29,4.421091834925574,1.3879883596879228,39.945815987708556,3.523816382799395,Rural
0.5863211542110993,2.8430967282785886,10,5.552235523876549,0.4226897299999792,18.568290496253844,5.871907325199905,Urban
0.6718725507743584,9.539789236565706,9,5.853561858255499,0.2042532642930599,71.10874956500608,5.486346365092644,Highway
2.7129850846676584,9.299299643473809,18,5.015905703920379,0.7063326316337126,20.63492374778277,1.625198364704429,Broken Road
2.2401196089436617,9.288581227410223,13,1.8878032911939773,1.1159651285994352,76.59964897658409,5.228160290203198,Broken Road
0.5337048312052077,9.845339665753912,25,5.802630347657286,2.6428040002043987,96.97066245858107,3.593130785766914,Highway
0.47755246017949154,10.794083183942709,9,3.805905234337074,3.1120695416631836,79.05752253554986,2.091781562129826,Highway
2.513198133815096,12.464856995850006,14,5.590790610476563,0.929492317222857,7.132678600975844,3.5294358916264437,Broken Road
0.44011792100183866,5.507669361666786,27,4.089019652304676,2.6062217149926994,61.989149865013594,2.952369956943426,Highway
2.9121381956581756,12.725642332340806,18,1.912709874901551,2.1163181697229714,71.0640137421238,8.862067665869361,Broken Road
2.5305993496164376,8.477323869424897,3,2.2831446924426144,1.1821994966379408,83.4185409506471,0.5631471034580892,Urban
0.46845097611826925,3.0017576287463053,1,3.347783484907349,0.14036041407534497,10.320219349205015,7.486060425376012,Urban
0.47996445648113334,2.7611620801717294,8,4.761087565203304,2.855405412478276,50.6102436554672,9.175803835878556,Urban
3.455910609053879,6.345098143048791,9,1.9760970529079762,4.145345320664676,55.86023290064746,5.872536786333884,Urban
1.435093625995197,12.203660702449078,27,3.5204138801917333,1.4350362714484617,21.066861951196913,11.192466764093437,Rural
1.4231190853207398,11.199852151631905,10,2.1391874621007694,0.8776602963904082,35.63273192251171,8.552992203791117,Rural
2.8822385719497587,12.251994540741284,13,4.913039487347132,5.333552192237075,46.821063994335695,9.025499085474724,Broken Road
3.3259203053667337,8.724497733740922,6,2.853695753230908,1.722646157678007,84.15492035599114,2.5238151518022693,Urban
3.453803510615474,7.722586973421377,22,0.5526646784320228,1.4193144567767224,93.29371877666966,9.372087794901066,Broken Road
2.6861480113545073,3.916882847181691,14,1.0797098767410647,5.156871943698503,64.70016874717892,10.018717885780756,Broken Road
1.441656632252022,6.2665057969210505,21,0.4605175389558306,4.920931885083892,42.5197926720389,4.4629433831906775,Rural
0.47555236510560694,7.642251760260378,18,3.045887381484519,2.7452441760953388,29.132946690903665,2.717684202789061,Urban
2.7645848225605416,3.151805585835024,21,0.7273900543545403,2.98650928242387,98.30284252143429,4.743598014602678,Broken Road
2.0427340241281566,4.867955385245747,14,0.7734258189268295,1.3847173585207297,98.38689981725405,8.927374034201618,Broken Road
1.5999326305150217,9.776928822828605,29,5.652184734226425,0.5619798558293893,92.8728100823283,5.128140269250693,Rural
3.190969470812629,11.563620485109467,27,5.248664925838727,3.4832477695984005,79.63856923839282,8.892492127652497,Broken Road
0.5669516916102995,14.978517648108346,23,2.7673109211870597,0.6802350373822574,35.94905665583373,1.5400615835349443,Urban
1.825662844159835,14.13047330746625,7,5.916251393016214,2.750719827044234,82.61504593227491,9.710938183764116,Rural
0.23746702773248293,10.35334759395749,10,0.10110051620691238,5.648933471226763,43.83533664076139,3.1878482833798176,Urban
1.7465801185806165,7.476224692822936,28,3.722478792013024,5.7217228961064475,36.04344432472929,3.137362055032206,Rural
0.38580080975006326,10.270305741207025,8,3.7369262464940336,1.512060490629416,75.76220905429656,7.166495389405557,Highway
0.5920991236846374,12.213471035043016,14,2.7989140296323405,3.7822691782693614,12.567123123940174,1.0273929398144779,Urban
0.5878366143644461,3.5383704820040354,0,2.4419930403123282,2.8970499582363605,9.61345871308786,0.5103131748790891,Urban
2.34239399698301,7.328763566051747,29,2.786760499335585,5.2665422527580255,47.55560123221263,3.2801382504627017,Broken Road
2.661948101575897,12.917429713263024,0,2.548266572870115,1.7014420992287143,47.33568607810538,6.549197098670908,Urban
2.1251169248206265,6.989828375129572,18,4.409905617145566,0.12184420031125942,90.08619454106432,10.90987335745768,Broken Road
3.3751694099659884,9.434339525953426,2,0.898597066342376,1.0591111149953492,16.984544147342596,10.187935080426222,Hill
1.4370729124282233,9.641001691208576,9,1.266071401487668,2.162184526899449,16.711973107979215,5.987268227067511,Rural
1.1428498847301405,4.398191290737312,7,1.1650575475152993,1.962754665645883,19.00799704511561,0.6372135255832148,Urban
3.066377123025219,6.709060741479749,14,1.648576452215461,4.7690412228250265,7.824944822987248,6.515982268625848,Broken Road
0.9378662671141937,6.348646753645118,9,3.1990246708113417,4.115307930219143,11.814515092416297,8.516588079118486,Urban
3.3786343801540175,2.340557210916842,0,0.7561316092954905,1.867382285727894,67.6876373487587,4.2021414837953985,Urban
0.24010976647639393,2.314492930587618,28,5.2221988424263746,2.800688521280659,46.00051126616337,1.5105469787235255,Urban
3.400600128135209,12.812061567785054,17,1.8544330347199869,0.6637987133541778,77.5422913733613,3.4871018478267812,Broken Road
0.34242770943690115,5.5499205296465615,1,1.0589741260653764,5.399064024438594,99.29678326525772,9.304748600720204,Highway
3.1407722752036347,8.7350239611046,18,4.086165726629636,5.619006464246351,67.60829470440513,4.344677220943275,Broken Road
1.9414136599847893,5.88343245665405,12,0.3247091735359837,5.8808408587475345,9.793279208911756,9.78138159009138,Rural
3.476783827193691,14.228830186499426,21,3.757814532757569,5.224461701636442,14.933472151662443,3.970353131328215,Broken Road
0.44352866362681626,5.370857865255059,0,4.219370740991349,1.1263692374077308,88.69538805739724,2.129949453283054,Highway
2.0277191385243585,7.585538565606156,1,1.3680075351816434,0.37255925088961017,55.11211473303484,5.343010642260578,Urban
3.3986983675430267,13.345493256299823,28,0.3475880333174423,3.5196206917347768,83.3595301425953,5.53683924501184,Broken Road
1.926222885761491,12.945136368293513,15,2.245507617624753,5.484369658610351,86.37817194136798,0.3900769788821763,Rural
2.2770155058463666,4.419318432001605,14,0.6817059584274252,1.146373033792483,93.12908144245432,1.5811318579346485,Broken Road
2.4959706736492366,12.434363027344235,12,0.7872193130726888,0.14155319628243698,95.23377452120475,2.382127021519246,Urban
1.6999855137336515,7.956429527592604,15,1.6001412655247012,4.8524266715902415,57.70845066781409,1.5403303450683636,Rural
2.2709416642774096,8.278595337109618,16,1.8432607552978801,0.5530945372917306,37.39691636432322,4.230007689972093,Broken Road
2.128237229346231,3.735239641407269,20,3.226825012026382,2.5408655882691797,96.37716306305987,11.582549696280813,Broken Road
3.1738214346202636,3.0478196788426204,28,4.102512124467777,4.1054352894138315,57.0036085701164,6.208825952259521,Broken Road
0.349973055126811,11.463210990658947,28,3.5973485511340906,1.497105754191463,11.104008680688048,7.605161081673629,Urban
1.12717852565436,8.453994980618898,6,0.9753259900081492,0.5953791243356876,66.06377225568718,4.405360446571733,Urban
3.3363578974526438,7.679059133997335,23,1.1153075914704962,4.643125247889389,60.830051287526025,4.017155587389124,Broken Road
3.137870486840024,11.483606972481157,25,5.284738573778196,3.8180330008335446,90.10032292499707,0.47313190859709864,Broken Road
1.7036672841928526,11.951667686884427,16,3.394278658878271,5.9320938584721485,67.0527829699922,6.1039371369770645,Rural
2.246437572745071,4.065806179701596,6,5.232633214096365,2.13141739658776,38.15998032384738,5.906586279669662,Urban
1.1153579038377377,9.932926943209337,12,2.292124416787259,0.46439807911217823,96.79144394205294,2.062402568937252,Urban
0.8207998270884123,3.759603069609912,4,3.7249600438448107,4.4326652084782445,81.15385116829319,9.219023202439104,Urban
1.730204736301941,11.767876118377593,25,3.1896141547222037,3.1782271712341497,64.88967374622867,6.013557097669835,Rural
1.3660623524859743,10.540417031472813,16,1.9828285899407294,1.357903195195897,32.827894323296675,4.200128847906565,Rural
2.126065169107878,14.435990074084954,2,2.872500694998213,4.71220103512808,40.486328149858075,1.9335251264705382,Off-road
0.45652430198445,2.8964542126334756,6,3.0646961732788993,1.3021573665146682,68.64714278918238,6.715497758257947,Highway
3.4155028652983495,2.741711374966306,25,1.2845487510644038,1.6379037635143259,11.838177754015563,9.083240907847955,Broken Road
3.4544954567826895,5.668431971011602,16,1.9585611970227166,0.645918470763643,29.38465620677503,3.5275923616826663,Broken Road
2.503933656265159,5.402173888566778,6,4.769317527991156,2.4566504462820413,72.8205886726768,2.7817733486053267,Urban
1.969118008935597,5.210724387935998,20,5.50315061277935,2.571682421230772,50.601758435238985,6.358832575962008,Rural
1.2214411337448814,13.781309546773477,0,2.2227851519172668,3.135914563054961,43.22738865737086,2.0330509696182,Rural
2.8855235650329307,5.2441005980435795,16,1.9111364650332074,4.282889176030287,19.388474128039377,8.066037961812562,Broken Road
2.4596128694278017,5.535346439672203,29,1.2516632709741071,5.445995479214512,46.975658275384596,7.34305480974192,Broken Road
0.7366358998381413,11.872177411433528,16,4.103097895038429,0.9126311834380709,78.21573722222222,1.2275681851788578,Highway
3.20605970882968,7.84661795185702,10,2.00628823983139,0.42065378025707667,30.081220376829837,0.6309404767002117,Urban
2.9143729016464577,12.097237240417355,24,5.927722280685212,0.2093342782065664,5.5128615074493545,7.519406100545303,Broken Road
3.3343397138633493,2.849760048337008,26,2.021540332177324,0.9473661306060159,68.50796560934336,3.6726665330671415,Broken Road
2.594874377681588,8.338425517753997,28,2.4254026760175065,3.9819019661115935,97.39952742109249,1.2200598874461026,Broken Road
2.2242701465881067,2.436976802382674,2,3.6596717576510054,4.3921147601793304,62.64852354091538,9.161258718486541,Urban
1.580202019759042,2.8144916449196087,14,4.8299373298287,4.74038370981592,16.392576598077362,3.905719235608201,Rural
3.278003995068244,13.783686893477343,28,2.870160125539239,1.537878450235622,35.469643772743936,5.6232746857310385,Broken Road
3.0580108353513475,3.810189824528737,20,2.5936705993548546,1.9047793982429677,87.42595339842123,2.9943925439544774,Broken Road
0.34922161135042507,8.921468869577822,10,5.9742632182093685,2.950494408836447,27.093967054398714,7.6023415246239825,Urban
0.28701101584093164,7.344242833809185,25,0.1619124827256722,0.4727802714753363,62.73111083227276,3.7575633011814418,Highway
1.4423291106975635,6.515463241364955,27,5.38088520422235,3.7057349869463527,43.25376478412979,11.622647342486015,Rural
2.8748259915800487,13.697833493934542,15,0.9799308730444509,5.904036698686971,24.745153534866656,8.494781073679498,Broken Road
3.4580112267393166,2.2837041580813633,24,4.736959129632589,2.2287572371302153,82.27365488864457,1.8133228612068963,Broken Road
0.696375740641643,10.629265920282657,21,3.7457962030931586,4.541800103039165,75.56897126424057,5.116999108146908,Highway
2.160631360662046,14.524127644776156,27,2.1168989844387434,3.0502001018606872,67.85115126613022,4.747968976812568,Broken Road
1.4569398268823708,9.282186385003946,8,5.255862237574008,0.8540898817262581,27.451976075531363,6.504115906500521,Rural
3.400717512788191,14.178692006430193,23,0.17615264508785267,3.5352009479352597,14.296415258062753,10.13478195885519,Broken Road
2.9789924463478386,2.6793524307183088,23,1.4374748472420498,1.8692581838199833,59.735136333466784,7.084379779159421,Broken Road
2.966484725546755,7.444313147964098,0,3.444667497872263,0.3029789298754036,57.599394186246165,0.9263687956799915,Urban
1.7466874273234019,5.382051282506665,28,2.1740993342932184,3.8460854076946887,22.896575886812936,7.93390522227369,Rural
1.568904357714295,11.500672544749488,24,3.7012272223781335,5.167700861015893,10.343435959941386,0.2975305157611291,Rural
1.1022433373713305,14.756862176464207,21,0.24225014111113427,2.1341416247092577,12.667303148428669,9.403533434376637,Urban
0.38603913894805947,5.334890811775221,15,0.7871076898421039,2.402743728555346,99.31324371870971,8.066305654452655,Highway
3.0535838416416756,10.504269819162968,8,0.8498678172887916,5.357027929506548,79.44047000057395,3.843670768560515,Off-road
2.882573330129256,4.575269225876622,18,1.2167735109044557,4.9002919988674,92.5888102166914,3.6508132941562863,Broken Road
3.499068321844231,9.349293309430928,11,2.8100555007232026,4.318221658955485,23.530198612454516,9.619621359246405,Hill
3.4889015623438877,8.03112232694837,18,4.53755932730707,1.5679026761435728,96.25401095072634,9.443372964710521,Broken Road
2.0329246284886704,14.636069285209983,21,5.442679143780516,5.470278264303203,18.552163389950397,4.357167781645768,Broken Road
2.7376584700956847,9.910854545054065,8,5.028697928677052,1.0110529694813568,53.362773713814754,3.727583191341408,Urban
3.3177269086120122,6.543582837128644,6,1.261638443476533,3.797946064561609,83.82109001962108,6.805932508816922,Urban
3.003836389235458,3.4832452035431336,13,2.7027882581607314,0.26992696522446036,38.23131867860004,0.29871478781290134,Broken Road
1.0162487357525523,3.966208773554149,28,1.2765284267753567,3.897946857317181,45.358710651805545,1.1754710482411992,Urban
1.6867956465233085,4.929120089366056,18,1.6603837183364258,1.7351516760528232,17.177585478414294,1.6888011637550937,Rural
0.6262260699999334,5.262566597423874,18,3.0709271909201283,2.7530941653839482,16.67757859990241,2.3878594503606556,Urban
3.3483683899537837,13.058008751934791,1,0.501843245868783,2.1370608571366136,63.85898135397266,6.2418138947705355,Urban
2.200376293687904,9.295896247672824,8,1.387228544600312,1.1192648618526386,69.17557501890539,11.90845459536124,Urban
0.9545212581614269,8.804081847866764,12,5.618731151711992,3.7696866615538576,78.84658883780835,7.900838140618772,Urban
2.4166122585393275,3.491995334299827,14,2.850086126685085,5.303655775329584,57.88479500476659,0.9233257745008385,Broken Road
2.2398231935110564,13.181816013542655,2,2.727780503269446,5.75859702946618,66.34713276482407,6.401836613934453,Off-road
1.3819369695083736,11.396585941710288,10,0.18594621303254552,1.234843542608099,6.284140811473406,6.060413506196153,Rural
0.5747400542587757,2.879688704700021,20,1.5596585076442402,4.332499366971543,20.406219078032866,1.901180226652984,Urban
2.416191545456239,11.201856263986993,13,5.21112537229487,4.0196022629735255,98.56690277160594,11.059213951868411,Broken Road
1.9170154129825177,9.065996825454398,29,1.0713077267261457,2.125928958489978,12.21938310000402,5.4010299225693545,Rural
2.74865069272761,3.0624294947081174,24,2.5492371432548544,0.21268527618698246,69.48488111472327,11.93579785919493,Broken Road
1.916539553669578,7.957908339872534,7,0.1845523446153074,4.16976835914591,21.727850138013043,5.156853083975539,Rural
3.0121989510511824,8.30105173269061,17,2.9221793418562796,5.678419677301051,73.08826564792598,7.37390089166659,Broken Road
2.0212925679558023,4.155069022122585,18,0.22402452968468123,3.8295087193023436,72.06908828138938,1.436197930126993,Broken Road
2.0510953060667747,14.29407591100367,15,4.935696363088219,2.668227072707041,27.24891067986857,5.559888320921057,Broken Road
3.0929568887725387,13.049679829248605,1,4.966637228173911,3.1984079752586076,30.615267925824398,3.0174375492468855,Urban
1.5314934585009101,10.697290385278409,7,4.747678910983982,1.2778099651935135,67.20321779219839,10.059664623140574,Rural
0.6422502538871144,8.009842293007893,21,1.7718480064575977,4.5282105661470515,42.0581736841203,9.45025110143697,Urban
0.29498283183401863,7.352952040598611,5,5.039699587508727,4.503876997058109,23.48205712149157,9.92532399557923,Urban
2.6919529437229426,10.462655072962404,11,3.303688982371089,0.9585520722858072,74.50956188481076,8.738591365543826,Urban
2.2470215194664336,9.090614302289772,14,2.3054678423153145,5.280072456747988,19.644014811951745,10.025662038716604,Broken Road
2.523463234727438,2.809550376464513,24,3.789446762254975,1.6882194628925014,86.28614809376992,2.5697792520640665,Broken Road
0.9027817329794054,8.662534434014312,7,0.17281217175620664,5.895310759526028,53.89360478492362,5.5341165636416605,Urban
0.6500258694363402,12.483247024026912,3,0.9434691778444377,2.3591277828197503,15.041557368533566,8.363793183362423,Urban
0.2479973967040104,7.970118408760455,14,4.47953187520455,1.149515946533548,70.93687168544352,7.721231475634592,Highway
1.3569389440617698,2.6754355082054895,27,1.540553491425303,2.175148656939349,54.320488759581345,8.652982897914226,Rural
2.146728366620289,12.22161659199243,19,3.628253792239623,2.69706393931344,33.31546932050691,2.8462489211845345,Broken Road
1.4944053488291165,4.617729167767667,24,2.3721053566558754,0.5089158609259395,45.14124112126621,1.361529566730879,Rural
1.6436672426783059,5.362070853544504,16,5.143354094915643,3.5114884492174085,33.342085640812385,11.018317621282362,Rural
3.18372369182937,4.141182594619846,12,5.719250305380197,3.626031395226512,29.987454395564484,6.81002836769483,Hill
1.349243041176891,6.292795843329468,17,5.313031897384123,4.459689686561886,20.542799980152658,2.0151459091874493,Rural
1.8961653142273756,11.837769573952256,1,1.6966579686922205,0.27210236451538544,39.46287764806021,9.562551666270867,Rural
2.786054942045772,8.752016173551185,12,1.2455609273718855,3.293305465159598,28.84378460002672,10.996173252225534,Hill
1.5085911816601913,4.663456563959263,12,2.8991658723623366,0.4121538562969199,69.92627627012212,2.2008495191390876,Rural
2.2528861107519824,13.411791015976531,21,0.14327148993346364,4.2367508978032555,69.9682904105141,9.845466972175505,Broken Road
3.045800238864259,13.434564114369879,14,0.25227541789277225,0.4287951156358084,52.67482304278565,11.212055723565713,Broken Road
3.333418058070219,13.31751952559809,19,3.364414773775701,5.479194305215633,78.9047301096805,11.272666883493004,Broken Road
0.6853424870658251,5.1043507479600105,28,3.1706514845751874,4.24228714461853,84.92727330557457,10.987046247511314,Highway
3.2577391630329315,7.866111474352845,26,5.968033735308034,3.0935996140024273,60.077813456255946,6.647767945849213,Broken Road
1.823983767162476,14.804865529831376,9,1.290866828646173,2.7048731473589323,63.79884046252621,4.403293543595657,Rural
1.0522064813865626,12.036162192029876,28,1.622813182046764,0.870968519438248,31.874161429704692,0.2858191307893096,Urban
1.715147995586262,2.3531764759322775,2,0.7698897897250915,1.8168963984315125,90.01257406702437,0.9187642770840196,Rural
3.4341074984420743,2.8476596863863968,18,5.5135037569570935,5.226858719623288,7.299574220140333,5.26030038050921,Broken Road
1.8256397101764696,8.031107898560325,2,4.68908634230486,5.436271588218714,38.117234597070336,4.912048527419822,Rural
1.284880313948777,13.819862676200282,21,4.9518007575954,0.10441147938613328,73.57104004723632,2.379624132924622,Rural
2.290222819245195,9.003123373385286,13,5.426306348990601,3.605404709717553,12.608503418760318,4.866664330773551,Broken Road
0.9924805419680371,8.471562604445772,7,3.196909921682446,4.34387359324817,22.401105105687797,2.2608707723733437,Urban
0.4503489827585909,3.3711580994361974,26,2.76203982955927,3.7506071964998773,60.98214414697086,10.215736782754918,Highway
0.6253030823051424,10.538141361415823,22,2.0493096946271376,0.5819106127114885,58.19939878903801,3.718699558932067,Urban
0.622551268560649,12.687341087802931,29,3.5763662246523475,1.3845769029135233,75.19818813244072,7.2630593318680585,Highway
0.7012788885905714,6.9454600975983105,3,2.780242541059953,1.5770075775501777,82.19820071337632,6.133548131589225,Highway
0.6581296697430534,12.082954062029257,26,2.764236960972893,5.007175324700029,17.215059958608567,0.8122085156091081,Urban
2.314886657850608,14.538196500710551,27,5.62787439601372,2.832876674222631,6.746194028647995,11.318357889995761,Broken Road
0.8002042785171779,4.648963968659958,19,5.905785934246868,2.9722864504532973,70.51565936759609,6.421266543355704,Urban
1.3407020349687484,8.803285205531637,10,4.7992578970445265,5.6158689746716,33.63222059780412,4.03568019202342,Rural
3.1594017526898392,5.732793455099483,25,4.564872732456877,3.858806744242822,64.4684718222056,2.0658935216702057,Broken Road
1.7640734128674787,12.307107447439911,10,4.115293154496698,5.402139439160717,19.301735865911347,4.194614289776662,Rural
2.40294053711939,9.508713756455048,26,1.079841628767731,2.7934022465150448,49.558804433266474,0.4420369156759961,Broken Road
0.7686555749653785,10.24957142815395,29,0.44872434316636167,0.981673925257936,52.920350876026504,4.489986233109914,Urban
0.8345537620686134,12.372884075006622,10,4.175285259168252,5.586620005037106,60.58239255545553,6.471533942193157,Off-road
0.3348664336793803,7.147616144611914,1,4.399838711313798,2.806360182438476,53.751151551403616,10.488021701041149,Urban
0.757485708138143,13.896170889291561,29,0.37714064747902476,1.1716253890850492,52.09062317172782,8.31101812883401,Urban
1.1193481188054635,8.92937527419982,16,5.5755053263502035,1.8841348677931415,36.609744628466274,1.5166712949722487,Urban
0.7841345981132646,4.0534126968595245,8,0.6377297727235975,0.39973527916475926,11.762122450218193,1.943406628367941,Urban
0.4927183613982835,11.046688536194432,27,1.7868131492500943,2.8629734895926724,13.50441869570002,5.251855740256822,Urban
0.5980983746319827,12.312397555697308,27,4.0670998955123565,5.133456214270396,46.2089360686796,2.509351469337697,Urban
1.720569934507995,6.117901801877847,1,1.1022483069864104,5.6081246904394675,38.80034714299434,0.5286273754765178,Rural
0.8809012707391153,13.14333034098379,28,0.42695374180924217,5.6023530242714985,54.03280644407729,9.699175585393228,Urban
1.4020905414586489,13.779862311954963,23,2.0537642860684837,0.8388571512096058,33.959626079345355,0.4303663342363307,Rural
1.8612769938210276,5.599758335911516,14,4.619232291645557,2.3541179068152362,70.35145868825582,10.002137341336566,Rural
2.4783029344769054,14.785779145297887,15,2.5407042060130363,0.2665496819391676,87.0757080909035,1.900426763788999,Broken Road
0.3297300614756265,3.8292498646338595,24,3.9525402392568423,5.145475535331689,33.392002934752426,11.701205247523971,Urban
2.8380543163998406,4.626203689232369,3,3.5197526736460065,2.2166589959255156,23.333480754207717,7.3257121595490435,Hill
2.2720712853199956,4.39492291009434,7,0.23108904395092444,3.8235904645641856,16.037154554138468,8.872799065232766,Hill
0.4698048054312773,13.621866230102315,8,5.93238592356967,4.317900784656002,63.544133854227184,1.5037068100231656,Highway
3.0828094595523647,10.505803180224504,25,0.34442572403438776,2.636083551484617,47.16631915835409,10.372828066727465,Broken Road
3.2388789217549836,3.9773556818895472,25,5.810036152126061,1.908009785646434,22.86149313364745,10.102469645884153,Broken Road
0.40155726752105037,7.7242044387885365,4,3.3441986523499496,5.777056169684074,67.04798966272627,7.905314232192269,Highway
1.1136962388857723,9.998874325907426,15,5.782638259683893,5.79048052764074,19.10590238550202,6.126843402225572,Urban
2.8604642233171025,3.085033104861983,12,0.7770462365416292,1.8076745713771296,57.658567055555494,8.713572242953735,Urban
2.6692569782660724,13.471412789295403,29,2.9934102631945283,2.929788070792303,55.07909625440014,0.2699529409751622,Broken Road
0.8089193638760452,12.446845960739957,6,1.1000741420097462,5.839780536094132,74.75164111267792,7.190800913701822,Off-road
0.8908527670111439,8.567688056496298,25,0.4007517744324103,0.12872360516746906,10.235415794363341,10.199392392164992,Urban
1.4225579392115604,14.572645998369216,19,3.7434217788676385,2.534801665436981,89.34792852587638,4.411418668662107,Rural
1.7989258511303703,7.430892730576296,16,1.3259221836739796,0.6926995431177138,71.78421398394785,1.4778144064984184,Rural
2.240240746049977,14.793434147474471,2,3.5674124078965215,3.104031996819356,25.531969843132412,5.166351546969834,Urban
1.4174150105802488,10.682959984447152,4,0.7629504434990152,0.24555273178887418,22.42350811792527,8.779832498890382,Rural
1.726364563239388,10.25072655230124,18,2.0587201814529466,2.5007007452047048,46.00772034365942,1.466154282373936,Rural
2.6666540958413965,4.157413638845205,11,4.711632092514158,1.4021245412334775,82.66870630673671,2.631373010512102,Urban
0.32105456953897304,13.465060857960372,28,2.6786039788689076,3.246519338506571,85.08024934821518,1.9411117925786592,Highway
1.0330419163352684,7.557365942967997,26,3.803697947894285,5.976362529694128,54.44332875324139,9.603983515787654,Urban
2.554053633419023,4.109034275172231,6,3.9200018503987217,4.8231630202478115,86.77703195524006,0.9421329449393447,Off-road
3.154182564367758,2.1638977596848674,27,5.078154759525033,5.089288340584086,5.517152373210604,8.301720724950309,Broken Road
1.8885355589816981,9.276823887298974,8,2.017044486999184,3.8480634254185775,8.341589995501678,4.524191664887659,Rural
1.9559745013755416,8.856195087594791,27,4.1550438192368535,0.34520310480632554,91.62305139549056,9.118336666046567,Rural
0.553667637421261,11.35159709079906,5,5.773533261572378,1.3201062886604504,78.65653333916202,11.579724341651644,Highway
1.6764608105174001,13.573354689231428,28,4.408435672711422,5.557880883037624,47.81707553378664,1.5516345351204912,Rural
1.9576369793015762,3.032285600359384,25,2.990235812634693,2.2600673957796324,76.59296249040878,3.90974348459601,Rural
1.000152661994608,11.50945437442471,16,3.8212329225023827,0.711456686236694,95.78574886372506,9.759480047082512,Urban
1.0885026621329572,4.436355273268569,15,4.4641290968023375,4.244191658610592,78.34850476872208,3.3406689554038826,Urban
1.4450377382452546,13.156301691043131,22,3.7124270175938476,1.8668005712121025,85.02527671274059,2.738423045143283,Rural
0.266234952666497,12.64782568020153,2,0.19838729959005102,1.686255786134613,77.25762523205587,9.939460138853866,Highway
1.2628612464244882,9.030318814812077,20,1.2491636363546326,5.988066987793736,20.980053781186452,11.847571895270448,Rural
0.8977784230885972,11.23315638210305,25,4.88176248157125,5.1630196576572605,84.189540416345,6.771190963745997,Off-road
1.2807412621871181,6.086551471388729,3,1.7086388191436597,2.5068331283702623,23.535337902299954,3.4809752303334034,Rural
0.595215035003529,8.125182686126589,9,4.41621650541069,5.883541126117344,89.79807616419396,4.903078346880637,Highway
3.138740026441653,12.681279670236131,4,2.2955092699260224,3.9356680181733608,48.571740317702215,2.2075378631265865,Urban
2.1588550967283604,7.97044756325178,20,3.179117536131865,4.477932466090586,69.3127914695477,9.190269890910878,Broken Road
2.441037653176816,6.651377449230743,21,0.5010424689344819,0.28592695418504843,52.23788054866113,9.326993410308662,Broken Road
2.8042650874042163,8.424761814253898,29,1.1692308101932865,0.817471030153537,13.929138294577193,10.526427710113435,Broken Road
1.844859256465889,12.767240281683838,9,5.747462084763484,3.835202246327807,32.61861922396318,0.5139102504394537,Rural
0.4868369506884982,6.357704615821346,11,5.351814515336793,5.404241497631955,98.45452612971557,6.831379831191276,Highway
1.9724515880012075,4.258900710764669,9,3.9484231543043964,3.7800879839168147,96.26790140863265,2.728214125249576,Rural
2.136575689468901,11.25618226430015,28,2.8119031245758506,0.8907468764820515,35.44625527727699,4.222419582809814,Broken Road
2.659950264808289,12.737716765205063,12,4.086991628081821,0.7829842728533154,99.64819640329645,9.462476260380788,Urban
1.624476502557942,3.3082872208059335,10,3.7498007056542404,5.080696785362082,85.32736357220546,2.465997097865655,Rural
0.6210149992253604,5.118363465827281,21,3.4544583080672115,0.9218837983766944,63.041152446064196,7.732432656856859,Highway
1.1364604891357908,3.8456358668929207,15,0.4491447239948968,3.16936856697375,8.811838924795902,7.923881056438459,Urban
1.3981715781154958,6.523238350568166,7,3.833535402902891,0.3189685877775834,90.63744880614605,11.458308195847147,Rural
2.331526896394284,7.854562725770364,7,4.636628262969893,0.5759516276079465,57.95578153011037,9.346898956641457,Urban
2.083568405407409,11.734742380522984,26,5.965081762408896,4.066854779092902,87.5052343642631,9.682894736413582,Broken Road
1.3751191954628925,10.464918603461763,24,0.1653634603064271,4.1661703215223485,84.27076639104553,6.472888838411143,Rural
3.455500321016833,10.072071377219606,7,4.408023374532992,2.11466949898981,84.13559044410317,2.404013524515974,Urban
2.1990569038777275,6.580874305925507,12,3.473556964022285,1.3720976149339643,71.32651676791598,5.22164771547655,Urban
0.9828484127287818,12.938818190101879,26,2.6609078388776446,4.900890597468117,32.684438174224624,6.683976967439481,Urban
0.5358821596473323,8.126733176176138,1,0.8526640299710881,1.3809090538723532,36.935224485729385,8.205347170221804,Urban
0.7044351593082956,14.72836419419701,29,2.51360237694577,3.2979597110316403,34.3045751953552,7.370967519616742,Urban
1.0116605036688768,10.243847797844579,29,2.1908253796181985,5.8124321610911425,6.904369955593646,4.8489383812234745,Urban
0.7302485317565337,3.6414416403385355,11,1.886696344974579,0.9723293833880643,60.34404637540706,3.330694662550929,Highway
0.815671179369309,10.790308306980641,9,4.412189777601025,5.651169978218783,71.38919869237311,2.1851239498034607,Off-road
1.1408140566896954,6.226352200612086,11,4.234280575577157,1.1790690131051451,86.11726938489434,8.387375558012742,Urban
0.7721328644726908,10.922253556919266,10,3.5752185367873786,3.4479149273370546,18.315716171359384,7.8157043568873235,Urban
3.159325901267203,2.9053349261112746,14,5.638122398430896,2.3243455005565936,56.697399152796166,8.310995095942118,Broken Road
0.4647713606834193,4.273458683287473,15,2.1641408666670414,5.793078748860773,5.7607733640093715,4.59582394307298,Urban
1.9308875855818404,13.124584365775222,16,1.5384314324900594,1.713897971111428,14.0338965325193,3.2964123063347914,Rural
1.5543095290658828,4.9533342413056936,25,3.9698295472805576,2.4579822123059465,10.15011569956934,9.16471167843492,Rural
3.4418494357984013,12.88153462815822,1,1.2730029595306775,5.898874695346981,73.92041323147126,9.329039261652943,Off-road
0.5697283771545727,5.630589149907335,17,1.9585619923822053,3.265175308011992,12.700658568372301,5.57627321280872,Urban
1.5129234768509472,10.357464830763199,11,1.4251543964418207,3.065517682165396,73.06303324808505,7.420468200254426,Rural
3.3992524298087172,11.023957455627803,18,0.5080060495391573,1.6208930804035488,28.714346919005422,4.607532037934547,Broken Road
3.056173515450135,8.664511790885689,25,4.982242575650473,4.238045005831604,88.38273126620925,8.48297696141372,Broken Road
2.896337834132624,5.9690387970575065,22,1.6017892032378012,0.1848004154888881,82.24924889456234,10.06151484044488,Broken Road
1.0510793292483014,4.76437689282425,17,2.890862269723822,0.39212451524353187,95.99387066015127,8.321152672560663,Urban
0.7639290383872173,2.431461609311541,29,0.3555601122004405,3.636215664101236,88.95739146851304,6.248474996796212,Highway
2.4065226257506223,5.95130321612941,16,4.2261028508905945,2.1158799855288795,93.666294816053,5.61216392200997,Broken Road
3.266940764121033,10.491116276906679,29,2.050309913607116,5.724566595985667,86.58052766876423,7.779371881513783,Broken Road
2.0373175469459683,14.197962639830275,5,4.4939466941923385,5.428825075264435,70.87128055841126,8.221768520895697,Off-road
2.0863218752506696,13.325658269419677,24,2.5331780567604105,4.310866926192572,21.174619451916417,6.793007433589561,Broken Road
1.1239310090789378,11.958842094958934,14,1.2549580777931855,4.927058928654028,30.81221429113883,7.5743188462672615,Urban
2.739326679533392,12.249815462292883,2,3.127732985464012,4.037257913039391,25.209061782375944,1.3397464534354804,Urban
0.8172443702398271,10.644803745187938,5,0.8699769018608948,0.8409344059899481,62.34064982752953,11.430833090479455,Urban
1.268141480134004,5.383729148358039,2,2.699181043250669,4.616705881166296,52.84389410749213,9.531122152038002,Rural
1.6039402474341753,13.793535399175788,29,1.9721023167808707,1.3401326154411939,87.37259973005025,4.61234886254005,Rural
1.8751142496587014,10.719520054775842,28,5.480561546777836,2.008312845091161,95.50392231741219,6.841188809252834,Rural
0.9999521169697647,9.28572820274572,0,0.45947945815224767,4.933481851404279,43.46168951372371,0.7584294556097719,Urban
0.5789615216393716,3.442863099775254,29,4.1947027432238775,3.2655010895213445,53.103302561677175,0.6864882051889127,Urban
2.2150461400573875,7.8117220694835305,12,1.178231879325872,5.173650213682114,97.29405389639322,3.1594203543211603,Off-road
1.152480825692844,7.984657525625042,27,1.9823659385602153,1.3569083870752587,31.242699454198636,8.338479379902555,Urban
2.1180861306946204,13.23932692379471,20,2.5515329720661892,3.685892787780635,80.2771236590873,10.255343424040138,Broken Road
0.7093969604048675,9.10642686244125,25,5.457289027312348,0.5943667380347436,26.397790721848395,6.798393383762211,Urban
1.7877623361208976,6.945207136615325,13,1.5312117698355685,3.8940598618861753,69.73871096540084,6.479166327071759,Rural
1.9575451274202331,14.698404270638571,12,0.6387219350135543,4.598950822875655,29.093484625663596,4.9472524987392985,Rural
0.3710176715140088,3.439367713242104,26,1.9802686635440894,3.551092274474458,88.95467193898175,2.10685588030465,Highway
1.3107941180399378,7.49312956805528,3,0.7175882261596468,1.6707658588429806,58.3404046549843,1.5965783956537327,Rural
0.643568433898615,2.546320777228269,6,0.8587192671672599,0.28492174626731365,22.663695883066534,9.1760211824074,Urban
0.40913740256013353,11.618753569970094,21,3.485718528052658,0.8047484153892861,26.315071691356174,11.144541905299592,Urban
3.466868766886819,13.934995178588958,9,0.4593214052870106,3.771587576536755,51.91567359226953,5.6077419533580235,Urban
1.2637676884165856,5.640485284156362,6,0.2824922002220396,5.613079279370831,96.3521924296135,7.981458772844531,Rural
2.8725856713202953,13.158441798388571,20,4.315043198675936,1.318552983434838,78.11600556894717,10.990600280395107,Broken Road
1.0403141607204207,5.79883699600467,14,2.2337178595621627,4.4366542797200825,51.38941606845528,1.2633408686229055,Urban
2.4489589833389664,13.840012101370897,14,0.8397145604798524,5.212061273169345,37.08331873341062,9.291681146804551,Broken Road
2.7087519376359657,11.80150474675819,3,1.5963153480722787,3.1732048528403154,57.18050686810205,7.478439235631787,Urban
2.165607844005886,12.463788098938702,22,3.8883103933791547,4.048668195477581,76.09427917571887,7.263918710192365,Broken Road
1.7562014222155224,2.2340852228059083,22,1.725665746131022,4.908590368389274,79.473215903016,3.651977056082524,Rural
1.5590750166859861,14.516534641962338,5,3.017674638210407,1.6379834306695022,35.837835819209744,8.269941586376587,Rural
1.3512652795918845,11.446722896914203,23,0.8180023096873664,1.8516844781814537,73.51013048031834,9.578613506885162,Rural
3.2674461760178253,5.961764240019733,19,3.5697524618721372,0.10370234810789142,67.48993410343769,1.5317263463356265,Broken Road
2.941044045699506,12.78213064316501,25,1.9648583346752582,5.782255372297035,96.11566773964792,6.495552885575609,Broken Road
3.3845888051994915,5.65977557939409,4,3.799113763719428,5.513514878118435,93.4535775982614,1.3949291356514342,Off-road
0.6101808375022976,13.345799914359663,19,4.869529805593735,4.610952756180639,79.99103593233981,10.496373427712205,Highway
2.611862668172026,3.463545075355181,11,3.7087138744009556,0.566548523762224,73.7224954412182,6.190113327344899,Urban
3.296523507509425,11.147917706990345,0,1.8449106193106222,2.740267049227098,31.033951021906205,9.733995133276936,Urban
0.7980691183466784,9.029080196383834,27,1.6088878391349726,0.7011613484321616,85.36669932936067,4.543410524461329,Highway
0.4194376823103657,3.2549481125407307,7,2.0317836565273435,0.19392957685051176,45.61304185276978,1.6759230764326398,Urban
2.645698142657195,5.144619767364906,0,1.0712610280953787,3.7354794947543244,30.862851538074246,0.6896917917513955,Urban
2.0957612734937094,2.161252471605092,4,1.1689139200151186,5.768893560773112,41.49527200557894,3.5218135251140312,Off-road
2.978034963302298,8.093983551038576,21,4.765077501210991,5.426921338249685,84.41387155156825,3.081957664296127,Broken Road
0.6612488428667553,5.916448389880005,5,2.3699222013939254,4.2108534081188855,19.120155479899076,6.81215329343555,Urban
2.824382129137638,9.778647295870865,28,2.672371565366457,0.6701794465727414,48.335080406383135,0.4565182891517468,Broken Road
0.8653701561575569,5.864091500212023,20,3.604891846844186,1.717567822266571,51.77397148030152,6.342732422730246,Urban
0.7400646114568248,5.898948449590801,2,3.5789556213941314,1.988334688623217,8.479821271887843,4.822906555741637,Urban
0.7420771331722766,11.661511583510844,14,0.4975235419793619,4.602585340698811,23.595872807075708,7.010042784990418,Urban
2.888096576763561,2.625856867718595,4,5.006090639392227,4.833270157487173,83.54053071470636,8.488526832174303,Off-road
2.3951508282974605,13.737634937495834,27,1.1462266640212426,2.3721261256405306,83.92290191650225,7.682284951942101,Broken Road
1.9261159017380935,13.079430367085358,23,4.366122652693046,2.5655155800438973,32.77943296900356,11.818803558605723,Rural
1.384140597607558,10.681460881943284,13,4.658758829956183,0.36260333172941095,88.115237286803,1.8315310577470785,Rural
3.094761784683257,9.711880411395995,17,4.317907251138751,1.80590663867069,78.31937921149304,5.270896705371387,Broken Road
1.4950688544946966,13.599932475815478,15,3.515968114669457,2.7625825453480757,44.7012109605639,5.213002692391072,Rural
2.8947781502562044,4.409292333873288,5,0.18619308294240888,0.7901999736730198,76.09860271847859,5.121227803694464,Urban
1.6491451982817207,3.026599108480772,24,2.226215404942707,2.774278018454626,96.32678996350658,8.032821026103486,Rural
1.4439166171021949,5.113632208823995,23,3.668552633239229,5.1337372923210225,48.602123216208135,5.979971114451326,Rural
1.726843292709701,12.329517623102474,13,2.3859626459429784,3.529794016377815,27.650582000580947,6.305704205792965,Rural
1.1945469847416688,2.450713467444283,26,5.194531379985597,0.5656861447266327,94.4725675047648,5.301800707331823,Urban
2.667110954581629,9.576488856085366,23,1.9219334245627309,1.2308607810986187,62.355707413509364,11.902053640019037,Broken Road
1.858977287305181,14.94068771048703,7,1.8318552755060968,2.899811665935482,15.000190435640402,11.145223916064698,Rural
0.9663018939844972,13.124049219888013,28,1.6693863892466823,2.2327741839486914,59.4048675063855,3.831145434499578,Urban
3.168596091806076,8.778793957566663,6,2.0634071268686935,2.2164894153219827,52.55518449758838,1.516808312246673,Urban
1.4668410305315975,2.8273318207263505,7,3.388689289453705,3.222677944047182,86.28094493717852,10.109223743655514,Rural
1.9937244416761621,12.807855687014229,12,4.271390236208285,3.547935937377799,55.41604302753453,11.966608966823548,Rural
3.1913579661830047,9.786720606303737,5,4.0091507146588325,4.801483264629527,29.247081262706928,3.6527849496678173,Off-road
2.259985386516174,3.494128961774369,17,4.8655351378907294,2.11170272442866,69.18618606716441,4.421862124932842,Broken Road
0.5857635343376014,3.2201447027036307,1,5.326892573434807,4.852251069939462,56.544667990880114,11.311271541525395,Urban
3.301446007924468,13.8251486526757,7,4.914866349825773,2.097806251764532,27.139239685352884,8.59132831243646,Hill
2.271436575135679,10.69960341819502,10,0.211777879908692,0.42705463475327965,59.494646504576245,3.688532314999707,Urban
1.3051885283683842,12.780728391117822,0,4.441915925956733,3.369707140928268,83.04587989952019,7.0563485971501985,Rural
0.659597839789178,13.426725703669476,21,1.3295574843481566,3.568623716879406,7.714237183780991,11.341909036498222,Urban
2.8202831245919766,9.433040576628189,28,0.8842754519770976,5.613787449168974,64.93084867128562,9.779394661960186,Broken Road
2.2462400945640946,8.726802572815537,5,3.8670838303149,4.383761823768599,38.210593599517246,8.953626021998184,Urban
1.960421603521861,7.595556334172873,15,1.9864848529054002,5.514858649717193,32.803787347145295,8.896556478378864,Rural
3.1498455240681604,6.120305641284551,26,0.43699126388561527,5.459248540433756,42.29583628430557,2.30063982664879,Broken Road
2.8023707970409517,7.649747491163253,19,0.9120154329503319,3.666987250523629,37.49215310355826,9.93123862288965,Broken Road
0.7005271031180789,12.060435524492032,11,0.10548355953277028,3.2137961854850405,84.06271513730195,3.4581998628328066,Highway
1.2286828237253091,9.82500460319671,10,5.429019401333773,3.38890170626524,31.105792022950553,11.178326563238048,Rural
1.020014161387737,13.602802769413,28,0.24524610466330768,5.8721517652957615,74.6495371951256,4.50275189396264,Off-road
2.655022765489834,7.763940186929441,26,1.3357890401061154,4.661689381307057,13.935682921715928,10.320392685098627,Broken Road
0.310657034628072,9.892164523343801,28,2.5559504060586535,0.7269688382751355,95.38265538601948,3.3415552353100573,Highway
2.0806359600753446,10.206998190195854,9,2.2037708231098327,4.69272760001026,64.12008053861243,6.271417851670438,Off-road
2.7161136629442786,9.692063109982232,2,5.479182673785377,1.1061744884995328,72.13826481923321,1.4612464867709147,Urban
3.0933266013137732,11.134239050111713,12,0.3377047798337985,2.7393682391331917,33.31373654897284,7.989403055354854,Urban
1.3288697707624946,5.086635088872482,26,3.1220667752946047,1.3417120658415524,44.14917402727089,10.065735446968691,Rural
2.9101491054176423,8.660729108095278,2,4.114828828893806,4.168540086646056,26.258946695742743,8.67767791936851,Hill
0.5650847319521839,3.3549224365085197,14,5.5970180447188955,5.27612744353891,93.59092815121127,6.374450452676157,Highway
2.99329256272391,6.9986472593825635,15,3.7601903875299545,1.813135123663418,51.36992247463088,0.732367367497222,Broken Road
0.620712585695542,8.339671892076439,28,4.8421558924694,0.583863373128307,64.89257098750905,11.21460388461613,Highway
1.511048058849212,10.478915374091143,12,0.5939771332875556,1.8611092786422836,74.75584290041796,8.524776673227889,Rural
2.831074707072527,14.356903683620645,16,2.3770431145278716,4.066934961799947,40.2550786544562,9.00119801271093,Broken Road
0.6947275102509535,9.808463865128626,2,2.3062880934264984,2.039684752571255,73.40965718121842,9.577230791027525,Highway
0.9565296042677169,11.666720910295277,19,5.329100477088734,1.7408617885674402,69.21928652685231,9.023372425945805,Urban
2.583433475697119,8.581458773437635,10,0.9930899104533221,1.1881676244471633,72.03763671802491,5.405170736360337,Urban
2.5761205706020456,10.243352407892306,26,0.9961284167861186,3.035346918559158,51.47684051943823,8.856737585597772,Broken Road
2.3157871885214814,2.9221188097390547,20,2.038493084326211,1.728098086127407,41.37905131770363,7.575316096161882,Broken Road
2.49002986674143,5.307090550944011,18,0.42134967946434176,4.41296105992295,26.097807879854034,10.277392737291681,Broken Road
1.9909906630470673,6.704090211666803,21,1.1765024398496915,0.552072171753996,83.33950351608483,9.669025820980972,Rural
1.030936894392944,8.142413615084676,10,5.794736867419838,4.017794895356774,62.79325442050948,0.6882177131136666,Urban
1.340796778562934,2.5934336915309886,29,2.62628524521632,1.5016040859498425,47.21345862926202,4.670867665924742,Rural
0.7992724654447048,3.82031326819313,27,3.828913329692375,2.9867476402044586,94.67961113750809,0.6096505957699558,Highway
3.1978868524009734,5.598586001286975,15,4.3840564301333576,1.7879305399844378,9.544687188168687,1.4044841122399554,Broken Road
2.1251929227281976,14.629924981713659,20,2.265072301342483,4.364335188463694,85.76633479447952,7.296646519642614,Broken Road
1.5228096753200115,6.30751109233966,2,0.9686397390220501,5.677311537484656,99.77034632986738,10.51109748971459,Rural
1.7246191520256378,8.266533755457072,21,1.318827995708507,5.510752998871898,89.2595005338724,1.6139321527693533,Rural
3.3260350207189906,4.549270265599108,5,1.9482722118256013,3.542214669350138,81.9914756334844,5.522853592108612,Urban
0.7060596302830646,9.940140923984988,13,3.852803680078132,2.8294007892161726,40.55906937360084,10.948371076716036,Urban
2.134558445655431,5.648881801707666,23,2.449855239625421,4.927973005692353,26.97484731491788,9.808751607324735,Broken Road
1.8694326403187376,4.690903519699548,17,0.14020671761075593,4.131625539503607,74.8107994474621,6.332081178297973,Rural
2.217798976934338,8.715444169797728,16,3.1881023918980844,1.183028273879904,33.934659797414,9.304542984080205,Broken Road
0.2597636066087737,2.0715753890854707,3,5.536929012253766,4.943423360316701,21.723769804722213,6.367786533725537,Urban
3.0780088995157,2.099632424439929,22,4.891257904951206,2.6304178974287904,79.71995927484117,2.0654895799376156,Broken Road
3.2759903321959207,4.847894518324151,14,4.968747090431823,1.2150153938299333,34.691646962488605,1.6718861360158135,Broken Road
2.0649395058443893,2.477377712510675,10,4.790842303876174,1.7626043673393057,91.87196430129714,2.4227451383914236,Urban
2.4989477187937443,3.4043348036989878,25,2.0100118711015,1.67840947846522,84.8601012578169,4.340880720595019,Broken Road
3.244247957885076,6.405188441403771,2,4.614643619150913,3.163321150160415,85.52583130337923,11.180245358553421,Urban
2.5338874932342157,12.433613834537567,2,0.9446520110860387,1.4827835349994656,78.29912397530349,9.636205281112495,Urban
0.7033788416170623,9.43663236380091,15,3.980525268928126,0.8290422756692993,88.68373525859998,5.307058422470547,Highway
2.1017515885504836,8.664680437433415,4,3.885254543441467,0.8297760186211883,81.54595475692142,6.018305175493373,Urban
2.2021596530634246,5.815354701705582,20,0.2508618146294346,3.5413295631206703,62.23857953959922,3.334191600463696,Broken Road
1.5996312152978738,14.112798352626612,28,4.749023788186497,4.435079804211333,33.103158265277,8.511364886371135,Rural
2.6302659775615855,7.161195536083492,9,5.42916382006127,1.997044752146211,89.37987335534416,9.67263492325205,Urban
3.283411148737749,3.1322059683450294,18,1.6777501429854353,0.30443918790270075,84.85734416345323,3.0190754088774034,Broken Road
3.254376092592362,10.021864709531418,24,4.89310527269829,0.8506268329283633,49.923535610001785,0.6934951606802914,Broken Road
1.6877699256336358,3.4798991151958183,3,0.5861952339854944,5.496697905988637,8.712475170185742,7.561889529323051,Rural
0.5736855512744923,6.487900856421997,28,3.6398103637402897,3.011907591577773,65.66165410318177,6.837643005796736,Highway
3.449975956575704,8.596355203331516,28,2.9653165054722352,2.7760795767295314,9.806701099275266,4.945147629340743,Broken Road
2.9683636852715827,13.364892820907286,18,3.3209488465231005,0.3244901520295364,92.99659637559868,7.79794851292388,Broken Road
0.6113868479707806,8.416105544421542,10,5.564610691117636,4.398958431669705,96.35496937940417,6.6972369162246945,Highway
3.2387782126373286,11.129363958411636,1,5.240759958756436,3.215601677499266,23.0015638604624,3.1568626038114753,Urban
3.0706579948050234,14.906618906987914,9,4.731993577714566,1.2922775229104728,69.25699091521645,4.8932019123481245,Urban
1.9121655885160378,3.709358558673761,28,1.7148209003023889,0.7494351850682375,13.765555433462463,5.251740123017452,Rural
2.1512089379582666,5.571509831753754,10,5.479729909247941,2.3619883954287912,74.3041082144466,10.58692633481165,Urban
1.5167089227714297,7.129488982769403,24,0.675295385536864,5.039255588750652,37.99232828450408,11.538669018721722,Rural
0.3807134081127034,7.483766321004808,19,5.1346423776968475,5.205237899286044,69.6997606143923,10.737416076278665,Highway
1.3061508974314728,7.343273978452095,15,2.036144426886286,3.6567936443342552,40.4232683742069,8.686300683813359,Rural
2.849416380373438,13.798943033235213,18,0.41725663880570196,4.392464920657842,18.828913434157396,7.102914256548698,Broken Road
0.21528567591518943,11.282424378069134,22,4.049206207020415,0.7794191456769352,43.580448147743,8.333287298498268,Urban
1.3005472665807758,9.902767783179149,23,1.4645515770641373,3.569943786260344,15.703985030305052,11.281488804645731,Rural
1.5139566888501128,6.021845332216167,10,1.5370696426013286,4.0350976505743725,59.80391112280985,3.149985075641215,Rural
1.9734054896951454,12.70927499487683,13,1.9056782807497519,1.2842057731913743,8.890395554200579,6.514421990546179,Rural
3.23552353416211,14.415786649304856,1,0.4757401282648487,5.292912924170528,55.09536956198667,8.337374624204813,Off-road
1.342941781407672,12.675577673152945,22,1.145050150769699,1.2504807513740168,89.20502147407637,8.21511461562644,Rural
1.3449455662575514,2.0203463674891475,27,0.1303238027548058,1.9495164230940576,84.59796066133946,3.1768917230066704,Rural
2.6337541187621696,10.273217812384292,4,2.7279161745241423,3.761285397438406,88.8642614645172,7.123432023199073,Urban
1.6923192049363636,2.664759958747309,26,0.5971067267660306,3.866265384271312,92.5946362020752,9.591775080557845,Rural
0.9411959157019405,5.348893864338384,4,4.127650369760774,4.226369971825466,14.930149348190952,5.805931964592878,Urban
1.6930504032378881,2.7738211045210317,18,1.4901748220307256,0.7608691071024135,17.23098427319274,9.560917305045072,Rural
0.6648281672533396,9.849340888342041,20,5.667087449807545,5.1118401365784765,57.91564659974722,4.4466146535037465,Urban
0.782077055470537,10.925668875403888,11,5.2403846016520506,3.2437980804712336,89.92740350032078,11.277369500532355,Highway
1.844613650040283,3.4883392948567664,17,1.8077012803124288,2.8807985852199036,97.56319836978292,6.500355597889393,Rural
1.582453983365008,6.989905479584733,3,4.720971182474405,5.888475984629706,9.394882147299995,7.23218581935285,Rural
3.21899147352473,7.9310746164220465,21,4.839144937522357,4.468231951952016,38.79853799906272,0.5700665118941433,Broken Road
1.3958998670848892,6.797689282891915,16,5.920722373275022,0.7962355570543117,25.22495419269938,2.2091758181174126,Rural
2.1159415559175434,3.5733250063075097,9,3.6272559223895415,4.56358108663482,76.81675564846857,7.668619789558329,Off-road
2.2864721501344505,7.446321272437181,19,0.5835978343976069,0.66196871043993,65.81841751101804,5.154470387030801,Broken Road
0.243211706741501,11.765314621509436,5,3.916339650665648,0.26207631882661064,16.389362990965314,6.196332727406462,Urban
2.389673327655145,2.923099638932321,24,3.787380515418608,2.481392782092393,50.934596399672294,0.9430626230576653,Broken Road
0.7875186906701797,3.042340183064745,13,3.8662684067805477,5.96211121963339,70.11684962527268,10.042795813242535,Highway
3.371532047649202,6.612026793867795,10,1.9121593238148482,1.1318152235496897,79.00551242278358,9.457166107095363,Urban
0.6905870015852728,14.242434251046026,10,5.172109551973964,4.068601626808062,6.9050074294808095,2.3871769135178247,Urban
1.5682596082991782,10.691444407397883,28,5.76088587943693,1.1230367906161043,89.59460952846953,7.685086415637078,Rural
0.48165390465952473,10.822709436743342,17,1.3845038265710943,4.376243152254478,59.08173138029982,9.856119497520405,Urban
3.4896850310916263,6.704959880892245,26,0.6200977330062023,3.0815866426031744,82.13136592119095,7.7620788097040805,Broken Road
1.8572435340931004,9.717590285711,22,1.2477566956940562,4.11183308952732,81.75411285135692,3.8626975244909696,Rural
2.1647705571561446,2.131705392360664,21,4.941257621608741,1.2969517378939843,23.03600272574207,7.942111575642373,Broken Road
0.4213523753818107,10.269248603324048,17,4.092203345437101,4.499207161870961,15.466351424095144,2.683448622661905,Urban
2.6748695523172867,13.872730318491078,23,3.8526793198008473,5.9741524517739695,73.52229055251354,3.9554089678971667,Broken Road
0.892688457215433,9.96345508848265,22,2.4705794971456045,4.027337953693163,19.860557288053812,3.0328219066647084,Urban
3.1635791551543555,13.358081715062486,10,3.509185031917471,3.0115319886299785,85.74406168344876,6.771716208204437,Urban
0.8769608135906237,11.41164972105922,20,1.916457339118768,5.546726532853662,73.98800096689999,1.4770744318334736,Off-road
0.8292694781900996,3.567259413247973,11,2.915480468565972,0.19352586916807019,84.97340961469995,11.213062488110397,Urban
0.32061390389871314,13.731892994715942,4,4.77907186738687,4.406548763786344,33.40620456288788,4.135445773221829,Urban
1.7578209188629974,2.8637699766250737,22,5.889325424987226,5.3436044492014965,35.07681573900406,2.783847499848456,Rural
2.0639757397666343,8.941577143120929,8,5.6016846491798304,0.4638800433636491,68.76604785290017,6.059287800501609,Urban
0.4168385101135628,3.8477826093149496,26,5.609809062792868,2.7553786054529734,7.9873657306000165,3.4685742577656495,Urban
2.759241135093535,2.152185939501753,24,2.4731200355979635,1.3078447783049938,74.01719090205515,6.511868219315203,Broken Road
1.695853154668491,7.486445381659307,8,2.8658602949900667,3.442457176968198,84.39939173118712,4.312407967428609,Rural
1.930487888781014,5.835529199504031,21,4.263248838576991,3.9323034557615975,44.44054072738988,1.7583883670746816,Rural
1.6545170648961527,8.318006419368839,9,5.540932375502577,1.8854767792796547,77.66348885840452,3.337563855921692,Rural
1.5225181008885755,9.50359852754916,21,0.9377661301772995,2.813891851100795,21.588037113314886,5.373590170545998,Rural
2.046813093317119,2.5686079400163155,18,1.8950269965804551,1.748102963131701,35.61473741285104,0.5574600724595824,Broken Road
0.7122928115713512,3.5990428366086933,0,0.9215563831052462,2.2794078702851714,97.55897149549536,9.293581818774191,Highway
0.8003628306343946,9.26235115385553,6,3.7108503267607866,1.0412857444616992,98.701176488212,7.537529862166907,Urban
3.043892549344607,6.461175591244557,3,1.9071758816364717,5.324800717155226,53.69748003705086,7.2960433658845805,Off-road
3.322181025040988,11.479255338142824,0,2.0240363298241837,0.15906142229890494,93.7556301890683,6.6433891962166385,Urban
1.4319207437231847,10.479791431695215,14,0.5184041609790776,5.306214200018352,54.65941441540119,7.165695433435809,Rural
1.0934574213737274,12.992856718868788,7,2.1637967646647924,3.4729053822634577,32.70087217530994,11.228893041945202,Urban
2.325198492688752,11.00240674669993,11,5.1887293936693535,2.0567812806444032,30.355432369383326,0.30111668756674015,Urban
1.548822764623718,7.589104006071926,21,1.4751295901559265,4.366037040215946,93.30304200997413,0.7640365739614414,Rural
0.28377497367913807,10.748566091127621,21,4.201606050639388,3.09573769598972,21.382406952516614,2.459622237183468,Urban
0.7153035713084281,5.579955265320441,17,3.814807235137697,3.0447410828348787,60.065083529172725,2.1741562839191713,Highway
2.562708355196412,5.9820754841167645,14,5.19455918937778,0.749839469221902,57.774881465958366,2.3380946217363556,Broken Road
2.3744490083034995,12.256807078970313,16,0.8804988911411257,2.3981445530779113,75.26406004203452,8.128937853014072,Broken Road
0.2894167752614955,7.803453713220568,28,5.867780766035755,1.5222796405547463,52.4280762148536,5.6219029523919515,Urban
0.9325081343787331,12.378944426738583,13,3.537509011638157,0.19260584301804992,30.867137767272748,11.90299076434938,Urban
0.9625468287406356,12.691490857687619,13,5.973297498846205,2.2245878216144686,21.092667464999963,2.8772537946747496,Urban
2.417246053875804,13.14831038959669,17,5.477936882608519,0.629950563611068,63.97778633305972,3.8677951921244373,Broken Road
0.26504477458940173,13.916258065935695,19,1.4069519054673243,1.6152972225785929,73.30412190105714,11.81404045825946,Highway
0.5435583205490937,7.602807866672851,17,0.4313558584295474,0.6458480649802573,59.104521474793096,10.014746061466514,Urban
2.839723081731525,6.145268638174805,15,1.6082706533926332,0.6955555907827532,75.1433713265135,5.743630804006687,Broken Road
0.789197384779301,9.56858370572348,0,3.2126255290965777,1.274166637049611,18.444514232746215,6.74424324944268,Urban
2.3540621559111865,6.825241504689158,22,1.112418565684621,5.9991105424697615,88.83466851959787,10.149499463703517,Broken Road
0.9860031774541975,9.813964168403029,26,1.0880124926561323,0.11288644285776776,60.32757329880779,5.875566903346671,Urban
0.528156596105839,11.17261621436972,10,2.8293019279204037,3.8681685531103915,17.05017305479673,2.6310799382685954,Urban
1.0024682302981984,10.949265240397779,14,0.2962810298992147,0.9333378183566884,48.882894399544824,9.97564555494175,Urban
2.583480875123675,6.869187531261577,11,0.8191396869403957,5.531706006593577,85.25521509726158,6.545715397052593,Off-road
3.023798344750743,4.169182622083786,7,2.553581902506891,0.6524340706684124,90.26840837805021,2.0059026465330914,Urban
2.939725553071072,7.596881400008698,21,0.4724664643270021,5.734872804044795,30.141702974882342,6.165912807975892,Broken Road
1.5107056477409009,3.853723873064814,19,2.440854833087623,3.70446568615252,72.57025334749304,5.0757998910429345,Rural
2.4046809506831326,13.57126145738951,29,2.8966369690958262,0.10748165380139246,14.498598510958786,10.546741876204743,Broken Road
0.8764481748722093,6.496406989592146,5,2.7624730230313754,5.3746424677091555,8.186857784154991,1.6874540900563002,Urban
1.1673875098613438,4.00797671390321,2,5.228131658678215,3.1780996280648184,58.23790061289456,10.527475692486702,Urban
3.157908201119695,2.3308208787747615,27,3.2273684848052215,1.649751438449859,71.00862003617196,6.24408999836136,Broken Road
0.24290634758542892,10.395691021724295,23,2.861084728620456,4.626947147342218,80.5997394617677,4.971500273777543,Highway
0.48217815181974466,10.279730126911662,25,2.523184547810831,5.567326767932533,37.320542653256794,2.111212775954696,Urban
0.8860246419818902,6.427854165556791,29,4.923977931996468,2.953775856566084,5.619913990744264,8.469651959136415,Urban
0.28755627278360507,2.932254555019463,12,5.380833963599016,1.9617654992143545,50.554327525578614,11.136319167498478,Urban
0.7987369357963312,7.3251756336380165,12,5.134130568262994,4.754776231216068,6.506086810488863,4.629452776011974,Urban
2.124037151199984,6.045827435824116,1,4.073924810975206,4.122534436951883,13.738528513725994,3.050703007915835,Urban
1.5907010169552431,10.80256831655512,4,0.910434301215178,5.343639654126607,36.035457140516094,6.7474296205900535,Rural
3.145816646554017,9.875130242884975,16,1.7335328200028726,4.185832675291039,46.531344708216835,9.59499419151967,Broken Road
2.897563753736855,6.73971846656802,5,0.3717720757236669,1.5368171995072644,31.549596916816615,0.24445879569629003,Urban
1.3279972606029906,4.8326032053148715,1,5.591862042441673,5.596789573578213,60.27720031794724,7.650253749466065,Rural
1.0560973303232652,14.844467560022695,3,3.9987113251763713,0.7185309085153487,10.258229975719043,7.2388888082438445,Urban
1.4529849469519807,7.902021075549493,21,4.503541017448125,1.6808622256304027,18.73507247276055,3.954195792489089,Rural
2.1479733102988656,10.947565065143081,25,1.938273263535151,3.169148185570925,71.04954807176618,5.52679144253865,Broken Road
1.0846100147154916,3.8271885785186903,10,5.0893557814363195,3.4378779538183184,18.503381091802183,3.1141660451094872,Urban
2.2596913959021423,8.312666095572173,7,1.6316593738800234,0.19033246109874205,65.77864414919014,9.520651707831744,Urban
1.5510584522310933,2.357977358303051,11,0.10969816696345314,4.705379082343546,10.195038971569728,7.687512213720071,Rural
2.021755696811535,8.570916532835849,7,2.3208482788720945,2.233483178709798,43.701316516318336,6.485997140060027,Urban
1.639217546146545,14.53222629253013,10,3.4674927376585334,2.497869391912613,21.853899661512322,4.831809141330361,Rural
1.1717370064883283,6.994687268815403,21,2.924358661996583,4.8752803121779795,15.41544684084271,3.6383357550446394,Urban
3.329895912975117,2.506948163473851,19,5.1862492412019225,2.337772011192513,58.868114432616615,9.90829053531249,Broken Road
2.7198991207272107,2.4024252819514658,7,0.721891187141385,0.3786267713190534,93.19189834053407,5.526610511116115,Urban
0.6623734800292934,7.043827879309303,28,3.367558299738981,1.140994645775067,10.204769552737138,6.117079554131739,Urban
3.0659443204631125,4.080324174021523,7,3.1265781639433543,5.739828717090276,45.04765358071325,6.345779020380752,Off-road
1.808522954223395,2.303577252266417,25,1.760218594815762,0.5153916381748336,72.21586658581715,5.490729838092602,Rural
3.152022348750502,11.8307769813523,29,4.951145864204363,2.194094085711296,48.955344010343566,3.2218434296134006,Broken Road
2.83952234462614,7.960799115464579,16,4.541807069705017,3.0687570856029334,81.6171148799983,1.6200171948680138,Broken Road
1.6032045647484703,5.760182035644509,19,4.423869205257803,3.0103568812975046,22.06630500709251,1.3627397525793403,Rural
0.2741487174563874,13.70108137921425,19,5.26953562179038,0.12336366377164225,96.16144947763534,9.138057775420126,Highway
1.086635285970322,3.509806482606833,22,4.364429143666975,3.0568601155991932,41.59044963839135,2.8376283031578344,Urban
1.9873929083808608,14.42694477641915,15,1.4678636211168863,2.3642575020667147,37.449115129706136,0.8569392164569118,Rural
2.290478125426286,6.081567325905587,13,4.262819998733177,5.835268079299888,88.08755047780076,9.610705399011454,Broken Road
1.0510293619295674,13.549247740012856,29,1.9154465990000789,1.0390385955635961,58.56736802971783,2.0179275037556463,Urban
0.6598750444403196,9.838257394233,10,1.5288304370500765,2.1895097608810206,54.062212480768046,7.576723882453578,Urban
2.955269781437687,12.747195676639336,6,0.5307211981078013,2.5749407620299367,74.06290235520093,4.195990603084786,Urban
3.448527196321722,14.792171121736036,15,4.489768624051292,2.4050918688955982,60.08425263670359,1.6924670289574517,Broken Road
1.9347776015988631,5.749270691643694,12,4.294905675503886,4.028401883145989,20.438986251925954,5.090875555201447,Rural
0.7665416432994014,14.494761310298708,26,1.4835469182771532,1.3715258595318363,69.04877417216832,0.3747445613649767,Highway
1.0986141775139175,7.063264633731465,14,4.52133619867252,1.4043221616025519,17.679543531802203,10.124330793648213,Urban
0.26068923260664023,7.01165476157999,23,5.515261210251963,4.402344596155033,81.55648200673589,6.259275943833916,Highway
3.2171860616496466,6.4250323553085735,15,0.7373708492003176,3.05171406020126,99.02497678266575,1.8420881287139494,Broken Road
0.5885785735374658,9.038298895518608,26,1.4725561664819724,2.5494184887381315,40.85182437260375,2.99636775699002,Urban
2.1025043691970366,4.003885561320333,20,4.526538685115161,1.0982980048957858,47.251810329191194,5.486107267234615,Broken Road
1.1043822282677798,9.198249309654145,22,1.7195893736917618,1.2064106151817833,9.41119727086717,2.4286587172234744,Urban
2.0287874083021182,9.042162561330052,23,3.785517448273929,0.1622546572138132,6.304652867844937,3.369470105712814,Broken Road
2.349687281561152,11.90472356386331,8,0.5788689243359157,0.6394149862840846,92.53483681325113,6.505749657976106,Urban
2.9381479522337655,12.837449505188612,2,2.7679946267108786,3.3853482986724224,17.219285741723247,10.02478635385295,Hill
0.8811901968099907,7.725737554061513,18,4.460639389758423,5.362051467049618,47.34898101814968,4.941708291141066,Urban
0.2362862345729856,5.930332241569419,19,4.15043226395519,1.794272114270289,82.45868926627834,8.66030822793187,Highway
0.651722579227064,5.3713536651222284,4,4.908925393987261,2.0337086327871563,89.48528219319036,10.544873718835651,Highway
3.170061518098747,4.530109877163335,9,5.276967546958696,0.782073102607922,54.34278010192943,2.7523510954947117,Urban
3.0838372559563005,2.7494185685873234,16,4.661782657426674,2.3929225790819064,58.67808987271523,9.724865250745488,Broken Road
2.1714632371620173,6.451823724851273,14,4.062367683339663,0.31960805695904204,68.6199773840109,9.137345940306123,Broken Road
2.181705639431056,5.513219997700182,22,0.2871627017145838,5.513844107945212,96.33133466365295,4.411860115787993,Broken Road
2.394621026002643,14.563426016263296,24,3.25630337311572,4.071356953934719,62.25364628972798,11.876335522110232,Broken Road
0.7787252194573837,9.25021474125057,7,0.3224165769976315,5.945417975419991,58.150149648352894,3.298353982944293,Urban
3.2175594215523673,6.514601507396598,14,4.867600120984533,5.308656659803113,6.380742850269114,3.206678539174008,Broken Road
1.581942732143841,9.546078812918047,20,1.99227469431375,2.890644502819101,12.690221692123828,9.312658142907734,Rural
1.4643571432233415,3.8095571174940415,29,3.418333307295734,3.166141683787224,59.83130452927964,5.328956353002794,Rural
1.9124284274333638,7.772568739628638,13,1.7487273131815255,1.224398674451444,93.9428368416843,4.1033809384163105,Rural
0.35498769035768163,10.14104617847383,19,4.716750851843732,2.8260321227533782,87.33567809794252,2.308221103001415,Highway
0.748735116895062,8.355671813301868,27,5.330364907187225,5.427864453607588,98.34499768425944,9.23092268502762,Highway
2.6355109342070224,7.223124408506215,6,2.4519907158570775,0.4000351994513447,55.14423356832103,9.478597312405709,Urban
0.4732356041529173,14.920029055696077,20,5.191242121714835,5.194985137690027,79.85343915158785,6.885455238115658,Highway
2.190401961239081,13.444091907936052,22,1.6757425439923612,2.1115920296913977,84.83803149148734,11.4963006356582,Broken Road
1.009652061948359,10.10427745607272,11,3.2544994461455907,5.407125314068228,66.56300744643187,3.9543265909873204,Off-road
1.4846755263385225,9.401905695369676,16,5.166692436048353,5.651191447414759,37.181240900378185,2.7915047366561794,Rural
1.1526893313433095,10.068586237719593,16,2.0226999214331634,4.058102833311245,49.64795129249047,8.19410787342665,Urban
1.373719964334332,4.617057401691632,9,5.728849363960706,4.0201003408968,86.50212186313894,9.149221961436515,Rural
2.5728514871080104,7.136790662436142,29,0.8190890605101634,2.7712505924815667,33.362052968305576,2.8538904525115045,Broken Road
1.1805016615564776,2.512973927581691,28,0.20782291136868677,5.029687324807874,92.75559747033161,1.1040070182811363,Off-road
2.0691353129797605,8.182098487328748,18,5.434398580211325,5.773515274756371,26.831602435153183,9.764094541719189,Broken Road
1.7709663272570288,9.059319591449622,13,0.5050271302724463,4.672982622000803,76.20405943989417,11.722723289022946,Rural
2.390114845696739,4.960746569341724,10,5.952146256090201,3.769426729164585,64.90312726284515,7.807132975652956,Urban
3.2915381397717014,14.532375013151679,1,5.713241485676726,3.680078085345887,76.21194690647242,3.4788294216979514,Urban
2.617487920793826,13.822909942184147,17,0.9084233692142919,5.111872419343608,46.54801938109651,11.960736780922947,Broken Road
0.9093032493494972,11.387862060926777,6,3.2717492915861386,3.293102218050661,93.60090094262854,10.740546307951513,Urban
0.30290434570223945,8.934026173949714,11,1.1910297550561517,4.842773328868054,65.08485922909036,6.257891626107469,Highway
1.0654713461894227,13.309599075419904,25,2.626115520877707,3.1024230055280504,32.38810143265435,9.938791161133638,Urban
2.163757171310841,3.698480469705018,1,0.4624082626330128,0.46842122234615235,65.65323171195365,9.82668217450301,Urban
0.36970518449802614,12.276627325573505,26,1.4211550679998783,2.365287352534516,32.247495984667964,11.230627842147294,Urban
1.8380086157640798,3.622670581569028,19,2.2433094987535074,2.7222016502618427,32.895077217188046,10.122901356526828,Rural
2.1695814014257344,12.324738613142271,17,2.6880202514517237,0.9355417454210415,42.96185860398245,7.795414984294541,Broken Road
1.3030048396959706,5.584978387267641,5,5.86722792343247,0.7047283422163556,85.9808896690663,7.389783883686787,Rural
2.7440102723612125,13.402177553236456,23,4.866407309535489,3.2592432029760294,52.52829806742924,5.714816002313019,Broken Road
0.551774235341447,14.272547219730171,9,4.450718671440482,0.6023474556808847,69.4955800118697,7.592530551654938,Highway
0.44795467972816894,3.934347602266503,19,3.2685437569776483,1.8873764905514956,42.23693532607399,9.583555721058516,Urban
2.603022895471891,8.014782865850115,14,5.055986787565626,4.493122158182148,30.042516781653738,11.63464399037013,Broken Road
1.8351213434804547,14.752835916114906,4,2.1020047303686957,5.790149859451087,95.69081526804197,5.713990826549018,Rural
2.471727908211529,8.284296667650906,19,4.282504765362565,4.335436425256378,62.34021847669095,6.969107795267335,Broken Road
1.6349302173923623,13.226117792689086,2,5.963325454731216,5.956490735871935,93.72537716535824,5.448704841693625,Rural
1.0131267096890524,9.653509787707158,4,1.9563105627176731,4.220194030548476,24.32423520883993,8.088165727604167,Urban
2.903037648324859,6.879288802954824,29,4.076703455815407,1.8333873768605324,18.95494557172861,7.633061947922863,Broken Road
2.8380724005976314,5.715186221836312,24,5.081457698499056,4.065109988981635,86.30317617677085,0.410438724284755,Broken Road
2.492498353819608,4.641900184119135,7,5.503264741768966,4.242724914661733,69.68713519863888,6.58570639738777,Urban
1.0980789528588768,11.903376487910064,7,4.335802876546601,2.2931892092371178,22.724957429095927,1.2441453692483655,Urban
2.1477612006679876,7.025026588699363,7,1.773286748161104,0.2045117185953952,30.589171563036086,0.5113266924653526,Urban
1.3912138599020882,8.646581008609765,11,2.025064694256784,4.248878730175373,81.06307444490456,9.53612651259944,Rural
0.5022208419778926,8.400231240015366,23,0.22247238953138887,0.22803056212569556,48.11751889961393,3.2520683734797466,Urban
3.2271347990254013,9.504627380030705,22,4.589227268261907,3.8240096605544203,68.70134811807864,4.2197299119901315,Broken Road
0.6515014820325726,13.252502893119178,7,0.3521636757655131,1.065337283581075,35.24344210292104,0.9561981337279815,Urban
3.335783267608648,14.749611466584582,10,5.2014488921562,3.437060813713456,41.216845513613286,2.318103073833338,Urban
1.6718190507612538,7.298594711459621,13,0.8000976253997789,3.07308684974554,99.11769306919498,9.23413685544195,Rural
0.8109386651674448,12.75774598738194,7,1.1140714216019532,0.1797304896064772,28.52362328159826,6.023663796744927,Urban
1.9882731263485818,11.93886133051133,28,2.9115061779102005,2.2409083202711106,53.11335581846883,10.59188785809175,Rural
3.0807212583921473,9.455876368922453,29,4.4534944494955795,3.6464378876381867,85.21822260310056,4.887457151308656,Broken Road
2.6163421251515517,14.428612866955131,23,0.9201130106745584,5.106778656202801,27.726205298256506,3.3706686819003653,Broken Road
2.861651787942784,4.606168701869237,27,2.6964193428923413,5.342988471635452,44.44530688501142,4.301677810612082,Broken Road
2.3739851101453673,3.4204347340250782,9,2.9488225190196187,2.9547148231960176,63.43367230014889,8.610707163499473,Urban
2.484512662908913,13.101505570420487,6,1.352485285844689,4.397692675066685,50.712874390134736,6.749066933546936,Urban
3.002345650165554,7.708947616238728,27,0.7817944224157273,1.9670820015474004,48.65271532418016,10.869456249118649,Broken Road
1.0239044292353137,13.010595104691786,16,5.034883445615273,2.118899793976079,39.43842447560174,7.305591478788823,Urban
1.8151023800223633,13.610172667540395,3,3.064547333600317,1.2473347631756513,60.73140113861788,6.017614860081737,Rural
0.9299911580046873,2.8119487170479287,28,0.18484929230650254,3.415493848960112,64.31540630274299,9.471882141863448,Urban
3.459304426388935,13.485041918818789,12,4.837589677723712,1.9559284904714551,67.06250638562945,11.380899438654653,Urban
3.315395820965824,7.828147719802488,3,5.886683451946051,0.5977882889871797,11.684970251072786,4.398981752690653,Urban
0.3301084775160695,8.63562235705502,4,3.6749645529440595,4.141535911312754,64.94824669264464,3.148539279952637,Highway
2.528398069301772,10.145702644211733,25,3.0718794837960175,4.275743924871849,95.55753198421712,7.471365276270843,Broken Road
3.2533194474716973,14.042973887491128,21,5.282653591965274,2.2239552707964414,56.39369237516795,6.0866992896157965,Broken Road
0.7958986389202007,2.2485092275869323,3,5.719849059139132,0.5526680567905345,72.95037283837821,11.872389783404444,Highway
2.074219260823677,8.198965088131622,17,4.551767803824517,2.615156532680213,57.88956923712569,5.655869052943253,Broken Road
3.221111382040538,10.940386551597289,5,2.7281722854322985,2.7097792024962715,86.20035876623798,1.0771123060520813,Urban
0.3120217293331362,11.39519045007697,23,3.594106256055499,4.0451582208975685,93.31039398676904,11.732954917176103,Highway
2.501486881914572,11.002921609982403,23,4.235518653606196,1.9609567084262327,22.500890433154133,10.154325958003772,Broken Road
1.1812517243294174,3.747656682305584,22,1.2462140689106285,4.127335750709702,46.501703472927026,2.3033516987039677,Urban
3.25050744474255,5.892142648831856,21,2.7384860900769845,5.241782396368591,42.27629958860852,10.874341986731858,Broken Road
3.4044922090457135,6.663301830421175,1,4.995945461831981,1.5011676499369793,43.495436713431474,4.219868485696587,Urban
3.316079414074332,12.457683699833565,22,3.962879556140814,5.875625381107409,16.92479721664821,4.649921417506445,Broken Road
1.7649069149696304,5.623878341389189,10,2.5261039965499394,2.3795720091071613,82.29349396816833,10.89541949187348,Rural
3.044740748264734,4.739164530273641,27,4.01383895068662,1.6768262423676645,8.397793086418849,6.455363667416721,Broken Road
2.9870130151657324,14.44682424749525,13,0.7975122312275132,2.5869159768107144,55.18152773407991,1.8256025669025318,Broken Road
1.2530315617027434,2.1152227064750955,29,2.4688359023327706,0.656945107832769,67.87844686424566,4.554862680233288,Rural
2.9354210646972354,14.971671123865717,4,4.779458373982033,0.8416648484214825,24.709596615593334,8.720749865960993,Hill
0.32212519456112565,10.798676885146143,5,1.4010018441062235,2.5451608771131555,91.05576824938558,2.2553734192025976,Highway
2.167690598990775,12.770100892838522,9,1.1971728945887645,4.598422679440691,84.66217466735534,7.1647281293950345,Off-road
0.9590291630494201,5.830052152500511,7,5.7098300935069455,5.411842213489496,49.7529543009729,8.40423476874412,Urban
0.59787072306502,2.1860986096717796,13,1.3383960145587612,4.022426145225999,44.05914857231318,4.257472191402437,Urban
0.4539455653763902,11.59230374129989,23,1.6394196199359918,0.7207953759052014,27.473952895054502,8.387792126758203,Urban
2.4977529603978614,12.843879761008786,2,5.820734039535594,4.064916596865157,74.34935634127154,10.63364675158596,Urban
1.321587380434618,11.626189715395748,11,4.434780564563652,3.8490247321475346,17.515660965036595,5.770977581952243,Rural
2.591730346044913,3.8570537349109015,15,4.2276195448388165,4.854007117930655,69.62258661515939,4.7183300725214705,Broken Road
0.4156759246365098,11.794562989340598,27,5.13226566474203,4.968967133247867,85.03341368124929,3.1636691360277718,Highway
1.240458114841014,11.995996167399333,29,0.7833561851970863,5.2223981470959755,26.704799712117254,7.3296246623869905,Rural
1.9803212648386126,10.561026703710713,22,4.265141795822042,2.5433759360166808,87.31060327538184,10.582254166856849,Rural
2.8093864439685796,11.95950712634262,16,3.0717627950366095,4.217399932577651,8.165703946753304,4.03100295278529,Broken Road
1.2518832596758307,12.996978715810517,0,4.991988777676426,1.6826771176416335,91.7148016117199,4.875579189540182,Rural
2.26544154224213,9.97685348508696,22,3.0980361401246466,5.996084051902675,16.244411645873313,4.998181107089811,Broken Road
3.1237265691794174,3.151861281605828,9,3.759423990186582,1.1344720241234738,66.3471219041131,6.817585632974703,Urban
2.232348521001605,8.339161525673742,24,2.9186785457572624,0.1596751467989313,28.757834546824473,2.8952257464957762,Broken Road
0.9687662666869914,3.009441350730866,22,2.9211376489794807,0.9779714156572384,84.4724771611133,9.90209163263091,Urban
0.28052257913657547,7.2980594034216,9,4.631022870564806,4.677646508310347,53.66853428696932,3.6881068745498116,Urban
3.0713262838730686,7.292384358633159,20,3.808541763818971,2.736023691398448,17.847913168417627,8.523279752580846,Broken Road
0.27018905580627756,2.8581279738231404,23,3.8362528894955217,2.740251462081527,59.24419927596795,6.255945752998714,Urban
3.086515519857858,6.5346669416032315,1,2.7566666546060024,5.734635225708844,43.7488479687134,7.113591719562532,Off-road
1.9454925422897995,3.442975284287093,8,3.233546028391413,5.525845957365638,67.83754257824461,2.3193831181621745,Rural
3.2989234050925575,12.507057730119888,21,4.499734230608245,1.9360489530436544,88.78081205252865,8.873273738502412,Broken Road
2.8359846780530957,14.31994433753812,12,4.973051422760317,1.3334429598071105,43.89196746242475,2.4257221247030474,Urban
3.493182564760014,2.940114178353202,24,4.209712272649872,5.106045038609064,32.538664555716664,1.5389889240037815,Broken Road
1.3573489909906433,14.416497694792119,15,5.5520306341895305,5.445512519161743,6.378933980122836,6.650818098687687,Rural
2.731721353472719,8.793495791377687,17,4.9399121200684855,3.2954218445110732,59.609708596688115,8.56970621562845,Broken Road
1.526372014910499,5.894353813400361,18,3.414996359876159,3.8135998955908934,43.21610290598618,0.7904228699301294,Rural
1.783589547002899,2.9992069785901254,11,4.061295828598047,1.615794279684531,40.59167580640873,1.0188647162983966,Rural
2.2707680286206213,8.508115484915432,7,5.565218833835057,4.824735859073295,22.37885552200019,9.671614119929844,Off-road
3.083134476814918,12.328702078379733,16,3.7530914610340447,3.8295223278492365,45.855257793171056,9.746585854186518,Broken Road
3.447475448357674,11.192124204467076,14,4.966360993081001,3.0707297166581804,98.52198559041999,3.0945956612971584,Broken Road
2.7353022657529102,2.652938149031659,9,4.163981971180924,0.4546404808625354,33.28664459886321,7.459692793042402,Urban
1.5786303811522013,2.9477238597827458,14,3.356424530256753,5.504016278815807,61.97191927376952,5.429524886706983,Rural
1.5904781075143315,7.237352674224282,14,1.5268453529505837,3.7311633802679958,78.76625372498835,7.665813288561454,Rural
2.634021595243342,5.838776422623263,22,2.613385364863726,1.2368774586885112,76.16999320177051,10.381975552370855,Broken Road
0.9879645810353976,5.020996199728621,6,5.809682666518922,3.6776780902000117,36.23355731179612,1.1423058100706267,Urban
0.5645645733336024,5.653058485813277,12,3.9808157613083406,4.097033790015844,63.03170793410079,9.38021622666376,Highway
1.3702531202145625,12.4452756628595,16,3.429932744000039,3.2020449864310305,87.77014510066493,6.017743433348264,Rural
1.1478886724584696,14.0799646972141,8,5.604444090616541,4.336800253940533,6.467505634642405,6.856697936391559,Urban
1.1778167975047673,7.2663350288583635,7,3.5604195081209475,3.5305782927788836,46.39476390011423,7.91639004820202,Urban
0.9709055784647027,13.779443027722461,19,3.2038868586626776,5.691840533989675,26.305974732981,11.086953159723468,Urban
0.3389075257999942,6.179444116222466,25,4.579934045386211,0.41681276373591036,41.9200675878897,0.8692954519105069,Urban
0.25898398462026556,8.193680822469291,26,4.304727152020612,0.726849679970407,44.51901275764796,0.5478209550684824,Urban
3.459483886128904,4.938376971607997,20,1.2396440496097532,1.1246626580306052,75.93374165473051,2.303489021567527,Broken Road
1.6116513413283455,10.326188548285971,17,2.8807188199873153,4.17200931656556,13.9130778775671,11.840083167115491,Rural
1.4682779356269495,14.726754497272516,12,2.887841112635553,3.9090156492238717,53.69547079758849,8.637901135057753,Rural
2.4428360328871306,9.845410248563923,15,2.3315246399357346,5.3631472752371945,58.5985052208808,7.452765204843123,Broken Road
0.9202378299547118,6.651583093476136,8,3.1520315446982936,4.423976972015001,51.94497233742142,0.7550608302940254,Urban
3.3348719070357435,10.421626797876868,11,2.537333646590151,3.0992973766310947,74.52795904095841,10.573500641936985,Urban
2.7949385475713218,3.5979688200500384,11,1.2761383878799806,5.951807575535419,41.4601693111505,9.790530868906481,Off-road
0.4950563076304564,13.552568043450183,5,2.5329622749206187,1.6700369413988652,94.77187104580723,8.044640517631603,Highway
1.5780165600902634,8.540091360137872,18,0.5264339906817419,5.015830792734178,50.77132704119943,4.201743622719492,Rural
3.1010904149551437,7.841546646515347,27,3.4971365903690286,2.6180631959441243,59.26532141340577,1.0319584757054363,Broken Road
3.317615673561654,9.616242249895748,6,5.13656183875256,3.927537319366832,83.4254282179412,7.044454157230886,Urban
1.74242498712457,10.122190216262233,24,4.379193797691876,4.390883975669361,31.147430063456635,8.692395943237882,Rural
2.2242575843953354,2.933085480944669,2,2.2263248363192565,3.839149114422985,12.144192732466234,1.3120361356315198,Urban
0.7512120221038483,10.874023875904232,15,0.6137201129061183,0.9289930883407004,72.23947794443583,7.678458385622252,Highway
3.4708564662520227,5.145111844101884,17,1.2926814554290975,2.7134109634128034,50.886126277095975,3.5791196010684714,Broken Road
0.9645166145653632,11.281384222585668,15,3.318393008919531,3.412486429805434,90.1679038411045,9.218081810393778,Urban
3.3110148546459146,12.692952326994558,22,1.321636791959894,5.109358179153721,98.35460462863124,6.567467037101678,Broken Road
2.343833941674816,12.451460598182765,6,3.3094413565813086,2.717509917911577,42.915388304599276,1.7226340961631532,Urban
2.205531423100235,9.182512576302559,3,1.466434246107004,5.5206090983450835,44.46670654466778,6.412929483252185,Off-road
1.8918720863544782,8.762208600039765,26,5.10865082990883,2.698207915848743,43.756447209544014,4.86969498772728,Rural
0.9612103786686037,3.8573874974123523,24,2.4439016897587127,3.337801169651769,35.83264042443798,2.3282004257234927,Urban
0.7825425056181772,12.079499955240763,29,1.5487486930724974,4.798085529362526,79.26027428780776,10.129885543933053,Highway
0.9276044899315787,5.528321945807287,7,4.892724463457664,3.5400993380906476,77.10459743661913,0.3301356922898072,Urban
0.8152462650760399,8.457040496633304,12,2.1227498923521595,5.765286627058665,50.47126270229986,3.8831136671616506,Urban
2.772628762770286,5.695563208057717,12,0.7577773582488134,3.995981400033353,9.242815555995382,0.3486214503992357,Urban
1.3554133552502092,3.739768718996011,16,3.4654159992814857,3.1839857789988466,34.40813364374198,1.3328819687726021,Rural
0.39088083265920803,10.184250059592575,16,3.5312288061841337,0.2391926099066956,32.76878942270956,3.7057353862423565,Urban
3.3980386794646775,2.7063164526977497,4,4.316704483890832,2.5410240957239463,82.05328838902454,0.8403999875946084,Urban
3.116493420379305,11.7323880436406,5,1.517294655929475,1.8655656736349469,13.3196794745366,7.240240281814266,Hill
3.261582534544203,6.128628338394517,18,2.718250900644246,4.513823440536187,81.5391610090569,1.224982314236957,Broken Road
3.4831958147332363,2.0017510090583093,12,1.765970722351672,1.3288382834059203,68.57244695891859,8.480220881979923,Urban
0.773854322424308,8.644678810083988,24,0.57762704308256,1.3107985150350239,74.58193861739268,0.8211769290005013,Highway
1.5075986623787738,2.6090748108588406,27,5.272021579393761,1.2181623551005232,46.06025282057723,0.8998449586529422,Rural
2.7021869698235013,5.590204251671693,25,4.400331846481213,0.841132117621792,69.57395062016703,3.802845608592543,Broken Road
2.4968680395775142,11.19069433692431,13,1.8786320508069243,1.9349413216582358,62.857749747157,10.779543994637475,Broken Road
0.7078564909215217,2.814965081084256,21,3.6363006579447195,5.326940475216208,78.0531185467198,7.768440334935136,Highway
2.8922493124690387,12.91140040062803,3,1.2874563499933875,4.672077986605134,47.44313427448395,9.287549244761248,Off-road
0.9406538870609802,2.0496589945615806,27,5.3523960685950485,4.437982176210081,49.91843436514873,1.8703148918298516,Urban
0.9385981289146561,5.208710299624729,6,0.7779474258352708,4.80428715333478,66.13974116028291,10.042680112317502,Off-road
1.9720155955482646,11.63175272997693,7,0.1226391584960253,1.689565547044473,15.26736189830689,0.2961257286919748,Rural
2.15670178497762,6.111511946480988,24,3.061848366661175,5.335905975439678,46.44322259461014,2.7140767386494726,Broken Road
2.114284485864777,3.3246010448581758,12,3.540454158371929,0.910089913335466,97.33533029968153,7.469889389569923,Urban
0.5019065634125911,6.683040944405563,26,3.5158953897452463,2.0844397876219336,8.567470405704332,4.627907621409794,Urban
3.095620846680255,5.515112722998832,5,0.42162037188317514,3.5618139019073234,35.02044867230741,11.813482022279048,Urban
1.07648014054273,12.955254728087214,5,1.9528584608187518,0.7071400212178037,34.840432813490224,0.5580031124561552,Urban
0.6273992402332538,6.07352292860686,23,3.045273786363858,4.407768107880907,65.1790913273984,11.983458381651209,Highway
3.1328686635676246,12.256122133088095,27,1.3778171952007214,2.3847516844005026,15.05103414529329,7.55880842776353,Broken Road
3.353649944158186,13.594337882539552,20,5.2484927243667885,4.727993427089561,64.7116829334918,6.7927425362339395,Broken Road
3.045021136975987,7.639626454494884,29,0.6139448078224609,3.0080880849491565,14.028822861903846,0.9022468222548976,Broken Road
2.8714030465920977,13.829260870107095,2,2.975568205865053,1.1671596941094846,14.020596504741446,3.42528074465751,Urban
2.3622985361087716,6.905134701521507,27,4.179354739327597,4.435094686996532,74.17741893290581,11.11101972184083,Broken Road
2.01782932301016,14.533019414371406,2,1.6443314907934465,1.5876493394497673,35.79284151411565,4.380102837633083,Urban
0.48705630770765346,3.1607638188324483,12,3.7830203482853575,2.995780777481453,97.85518003280605,8.007507765513562,Highway
1.5478956031333055,10.931250464542156,21,4.99337238584001,0.545646288025755,8.548528961377718,11.994056934940916,Rural
1.429872106140636,8.419582525940072,1,1.2229881530607807,3.745413261031017,47.28513305320944,3.3042226232357863,Rural
1.0571874864090764,7.039434470923412,15,5.51160149176669,4.028560820676036,15.747914079032245,6.997754372371027,Urban
2.5872863751723303,10.225254423731812,21,3.3659953427079126,2.334177838839423,38.381001842020325,8.417965953886116,Broken Road
1.8363899257599436,11.150142191246305,28,1.8654688253762575,5.731094403894335,99.8311328078598,2.1426015094718993,Rural
0.46745251249523817,2.056722505454018,5,2.6420638247553976,5.2575966367442035,89.44003861516052,1.9543362516149487,Highway
0.9266045664343774,4.1703901537135835,7,1.941932114339689,4.276851402865969,9.590818841262706,5.5844333575664455,Urban
2.4547539200766666,11.269598658246142,22,4.378155843606565,4.310547239513082,58.50930516343992,4.752587756759615,Broken Road
0.45123183631799063,10.663010376516684,7,4.79817391414928,1.5891701181586926,66.5431189583214,8.627742154916303,Highway
3.0089828163609367,14.558617566672805,29,5.0143306146801,3.975209863421849,24.905789275261938,1.0202035030933179,Broken Road
1.8339835391461152,11.893491273260178,24,5.916032672555873,1.2694169648895661,18.785029472662774,11.671566160140147,Rural
1.7859357051779383,14.360045200507395,5,4.7685773257304325,0.9496190211269505,90.91620779322473,0.3684683838928218,Rural
2.154945689376408,11.133026519952491,13,3.648166017062524,5.996860575795223,97.03756194092078,7.295538527166585,Broken Road
2.9214471875529924,5.874678712312761,2,2.1013997605115247,3.7720179956917277,99.22982144536597,6.839064631235183,Urban
1.347770386077237,3.369743989261134,9,3.3131131473934214,2.6428284486774243,80.02736850479027,1.789645624262764,Rural
2.4374533034449097,12.163710223484163,2,0.342302219463392,1.800170685015313,68.03269659349942,1.9808085960196515,Urban
2.0669154811861103,10.373939879186906,26,4.494467945626487,3.663130617607142,37.8443739583348,9.553594355976596,Broken Road
1.0811932915590903,2.626418161112851,11,2.731137716043401,0.3926016984985081,21.282839670851484,10.673237009269661,Urban
3.0994789549720214,6.680656056712718,16,0.21813705541990697,0.6586178439782908,12.50315693979201,3.539600197428481,Broken Road
2.8315058713028627,14.438397601295721,26,0.46879095491142375,0.29385451666833845,70.86325951239174,5.3679747747583075,Broken Road
2.372891054372804,8.505214894232616,28,2.3860521365483645,3.0451020162497047,79.54872444203903,4.388941484252572,Broken Road
3.0069197060109984,7.62547876825616,4,3.5421869622087674,3.6435791122043772,83.51309698322311,1.0560547532424924,Urban
3.0620708631673477,7.950094867070821,29,2.8388032988175476,0.4686305920111431,91.80767531386087,8.143810102986551,Broken Road
2.537597823159615,4.7154754120671285,19,3.753305472023714,4.355224358243608,88.5933085456455,9.937276630707144,Broken Road
2.9621439836001175,6.793193221242338,24,2.9337361268689994,1.45933092193593,99.9754208645188,3.797576417216244,Broken Road
2.501655823508636,6.807572327833296,8,4.004052688339946,4.142688577242209,28.186081041888873,11.884074364842476,Hill
2.4444645468089914,2.6806152624371413,29,1.3928437815577253,5.893193126207949,77.51422344516,1.0950483759317882,Broken Road
2.241417548110108,11.978379170732937,20,0.7657748043833663,4.177524633317722,60.71365367560578,8.009130423011348,Broken Road
2.683964910540216,7.414557614750427,25,3.618960332291394,5.31083901224929,29.818287583090328,5.48909057140785,Broken Road
0.7233968474671433,12.688338528613503,19,2.959668149924214,5.694371189784097,98.28100561725957,5.4699024330585395,Highway
3.106873505356464,13.05452401455864,6,0.2585191588651182,2.971831185278662,90.30031995355395,5.600218269195776,Urban
3.0770836415592657,4.755922711082555,21,2.3448431244089116,4.24371737857627,17.208988502191062,3.2524449308568557,Broken Road
0.2965160340140452,10.545595268211672,3,0.7261409543968734,5.126618595979466,7.485042520724885,8.643641362520343,Urban
2.925195276863717,8.139663454118763,12,3.235005307340902,2.2039925859588783,70.3914224216043,8.714603007803317,Urban
0.6252705626623691,13.442037592979306,12,2.4350883099965417,1.64224416770633,62.392409741370834,3.5322858992487594,Highway
1.305892219055168,4.804628829293904,9,3.7175962755078062,5.684931579392198,93.90248429055886,10.056616238129712,Rural
2.653577245762306,10.811571604030576,17,4.853053090744406,4.385190652176026,27.230502280235136,3.9387703350738943,Broken Road
0.7305076569594171,9.900777589285394,16,1.868045234664796,1.3961245869173755,13.01685505002377,8.756098863041199,Urban
2.8992911795929053,5.838919208433826,19,5.7764024145736625,2.7495920167890695,29.625456708338714,1.627797256642384,Broken Road
2.946042787260548,3.775811747465244,19,3.2602435534666894,4.7990654402730755,6.798125848589027,2.190679385084199,Broken Road
1.8746435214107593,10.471316886204596,12,3.7479157126532496,3.3276716464188087,8.409811362948581,3.926388605197364,Rural
0.22107337666555082,11.601766955720299,16,4.115967002031849,3.9347173791787458,91.91149156247216,7.207710458480766,Highway
1.1472258394772121,6.10315546892355,21,4.033716026159779,4.547232392065808,38.44157533767844,7.817035528648653,Urban
2.235858830639949,10.382823852290079,3,3.1147273839658665,3.769854213972986,44.026855095919665,4.877002829216204,Urban
3.4379143874904976,7.1367017989495425,0,2.629709317576633,3.2864679993409553,6.7453071811199194,1.1185020067040656,Urban
2.2849846391550055,11.27168948267403,0,0.4173135886465297,4.522724277887863,30.699569116325424,4.608888894694147,Off-road
1.0573518175117274,4.589798573622691,14,0.2303064872769605,4.392621909049984,81.44896845543595,8.327456688317987,Urban
2.2922188202287175,13.572795034270268,12,2.2119710477433117,3.816247161080756,63.47164116833832,8.117746441337728,Urban
1.981951753062323,5.736324754052537,16,2.068599254738787,2.2227575389533847,76.60915710320945,2.090317675824225,Rural
2.773489803998774,6.781217840829988,23,2.38740141355014,2.494291343981603,47.48530537540958,0.29185084917381243,Broken Road
0.5530361081289628,2.755195377044547,25,0.9163723852403212,5.825587438416175,34.42427606637635,9.085183084094178,Urban
2.7113920782566923,3.449658760176593,7,4.455192796167378,0.7630770005200024,50.86695886619518,1.4551443633458758,Urban
1.9861797096311637,8.706204735260265,17,5.15609004717981,1.6841790117917286,35.69175149854636,1.1717198987785689,Rural
3.3778736127346822,5.47870479746363,26,5.638416348706807,3.005170379305581,84.70225418403646,0.2318743586431289,Broken Road
1.328178147927664,12.861242934648526,12,3.0049375907657927,5.036705148248337,33.279002981320346,5.304695646291742,Rural
2.2876522473420287,2.1910140525144,22,4.235107624840029,1.0656864160053945,67.67754584304296,6.138514030629611,Broken Road
3.2756927481830576,6.928222632735171,13,5.147751628271648,1.7340322469351983,18.013311119405145,7.72443574455337,Broken Road
0.5382821023692415,6.385492107998205,7,2.5679175554515674,0.48820948499190997,70.25231690481644,3.6935533204085136,Highway
3.2928540078802886,2.2512592019288133,7,1.925535489735622,4.265313069699829,91.7634726020032,8.583011653364004,Urban
2.470022883592684,3.616789187006633,26,5.626674879535591,1.5054356693061353,62.81539969079129,2.1981159174019105,Broken Road
0.4238622950470673,7.377354773942258,25,3.1424916513547316,2.393181028958608,58.186261103275335,10.0174826267021,Urban
1.1931797709244936,8.407239597816806,14,3.0337979308861804,2.7178385374750405,96.30623546205582,6.947810280907258,Urban
2.5369678925294292,7.255766714313299,26,1.1526549697246251,5.358752220078088,64.60267275500541,7.089899915790172,Broken Road
0.4222569848469466,8.90218981935722,12,0.7381145859828048,2.5268487129542976,29.657291160942844,2.6753498825934763,Urban
2.1211625185817016,9.736711773773859,6,5.0684304886527185,0.9568276174999695,32.77714726553533,1.0744832417445813,Urban
1.3414140879447571,2.129009674661863,4,3.723385739506357,3.193458136206714,72.00413104091308,5.683752676351923,Rural
2.2490212086326746,8.03323707289555,16,2.0223650457147473,5.781452168426915,74.8664764197577,7.464221032683836,Broken Road
0.35094871158129237,14.525490131538648,27,1.2312436826025723,3.685345282199785,33.83214201995644,1.32154821220789,Urban
3.076071460302842,8.747419641684132,24,3.3774339530008257,5.901984600717379,37.80767790300137,11.416306799432366,Broken Road
3.41251359828541,10.808049476966392,28,3.545123806640699,5.0625331227393335,99.15036833021327,11.768889450747121,Broken Road
3.397296922442782,6.054230152919482,15,1.3212622473458433,0.31219796165913555,14.685492210126357,6.636389005631406,Broken Road
2.6738510447516517,12.061887915985913,22,5.123293912559697,3.9845576127245472,43.44127770180943,11.410816032226194,Broken Road
0.6292845924310855,12.047979264389497,1,0.5971597603195214,1.7919245775915138,10.932515463763208,2.3174538034540664,Urban
2.7022685465657745,8.776848619503806,21,2.200949202481888,3.401739448303871,83.0024443898329,0.4999640851183938,Broken Road
0.28113682431404496,14.688179702629776,17,4.114268041198881,1.7481366264942368,13.772854699816063,0.6650325164266012,Urban
0.27300772004569096,3.632152791914494,16,1.7173101465332843,2.1583354579712135,69.03069886395755,7.132647257235994,Highway
1.267913723193486,2.2203196435645527,29,4.983283649209504,5.546695399349658,10.365925280330796,0.9273742245545178,Rural
1.812522528335397,12.012056752842248,6,4.46522017694238,1.3191947908610615,68.92122859192065,11.510838160524228,Rural
2.7423444787657174,12.493021985743473,12,4.755234782833992,5.2572437963524,85.08850995813181,1.8748118869609032,Off-road
2.4548747428014672,3.5626939785674914,17,0.802728561672626,0.27970106761593116,42.88804505778545,3.7957291114251483,Broken Road
1.6714789310432694,5.452576828461879,28,0.9292280551737032,0.6361715763809254,54.6020168760568,9.905710063580512,Rural
1.1029679987294974,2.228180723766176,13,1.7901950526930435,5.1425827441671546,43.146465110501836,2.781135812628299,Urban
3.490510850520447,5.813011940147341,29,3.1566552746656105,3.8202805823642527,33.54643207010069,3.0670278097639336,Broken Road
1.6063982973787105,12.05084436094273,17,4.513294852526474,4.508693214433347,81.31002305957718,7.779245678334015,Rural
1.689577180287929,8.733486860263525,12,5.03553225548933,1.3355642578489402,30.84024450444402,3.4578158441732953,Rural
0.7399586099325084,6.525242711187746,10,4.255578364147365,3.268792387981611,73.67962531699747,2.7658820812908638,Highway
2.822871510874767,6.832610833782294,20,5.578721601030766,4.449593419070698,24.588722529244215,3.199297028806759,Broken Road
2.4891513450789127,2.017597134301086,29,4.458586706733988,3.801153408360549,28.73611062744131,5.989640492220577,Broken Road
0.9285397222029093,5.8974068583480665,20,1.906980533327227,2.883022724658136,36.96381044483516,11.599978498231488,Urban
0.4718574505322809,10.403963641293096,15,1.6639795775975785,5.762724339982517,60.96985585240988,10.020407710422495,Highway
2.4456476968465535,14.664527769612642,22,4.20753545677643,4.089328267375327,48.17012032015641,3.5584011218100904,Broken Road
2.3598870071277465,13.011790750790693,16,1.2379363552687244,5.455729721423303,75.78875693364294,4.487803860277554,Broken Road
1.1017564390940908,2.3067345403918784,7,0.6470173837805924,4.4056460182847195,25.28889353193827,5.681244555948114,Urban
3.337849755426354,13.681287860772912,18,3.2401149616515443,4.43923481872633,6.013867345639241,11.751369834800487,Broken Road
0.6984910428769708,12.181579372882137,19,4.9476852616958364,0.5721077915703081,78.77295981959591,2.2342075263614456,Highway
1.6267048434405862,12.144889606422746,14,0.6981410705721949,2.2208412689382673,83.05668671860688,4.418300621204218,Rural
3.3139325365530765,7.953944867046429,8,4.772158810394802,5.164379499645984,10.650615495297007,8.807227908996037,Off-road
1.5851001458562035,7.174068808408537,19,4.8882748256741335,1.4723627866776603,63.03621460504767,11.57453606437353,Rural
2.3071356272914825,5.9379044748315035,9,2.945416600481107,0.7814846103231505,40.9296444679424,2.036967510618005,Urban
1.512061513277221,2.8540331664067553,11,0.4381308290618722,2.024025734168881,80.42008724347909,2.8830834594932804,Rural
1.104910167750611,4.967059725418088,20,1.1300801223583998,1.4005835208664226,88.06938264866545,2.863197157807077,Urban
3.4471262382674333,5.20584725471432,22,4.273815023455401,5.559200349279616,85.84535784573866,0.44699794800646747,Broken Road
1.550802220839642,8.293001906232622,19,4.299489875446602,5.221003187812574,78.83440349833096,7.328564374775205,Rural
3.1505273721411435,11.716777285757022,29,5.400296123489225,3.048131058669135,30.55996173050548,8.114296274921546,Broken Road
0.9588501994405845,8.159527769173305,0,3.537848264672039,0.4619288594548213,82.12951613899008,7.309805503477991,Urban
0.903245523282775,2.751977842813088,24,0.8322334695112866,4.315917841949622,55.68045521109781,1.0416112750712092,Urban
0.3027424735188875,14.45126741284665,19,0.8163479424793356,3.7781292148839616,10.011878409048627,1.0169154837984542,Urban
2.3505005237404206,14.255416148223459,8,4.35468090840526,5.826272557298125,48.40919074033365,2.6825613430306636,Off-road
1.4161369342884116,12.20746406092931,21,1.184329524136617,3.397824117595224,94.50500211784936,3.6254752852471928,Rural
3.052382224470802,14.887262720334867,14,2.0374744477379716,2.0847229680771657,89.34663822487751,9.48121513973856,Broken Road
1.7615926920821385,9.078270326403418,0,2.974550840839292,3.1622279921134795,14.715106694726025,2.0808051358372692,Rural
3.3950383121185816,14.51598855329168,11,0.2461127776992921,5.877653419286646,75.69203514286517,0.7202881534908792,Off-road
0.8122342018202997,2.98286552801776,2,1.5680322594175982,4.20853835194488,81.5503222660323,4.849052591014051,Urban
3.0664564542535158,6.753849727397827,10,2.5065486901929526,4.064659213769602,30.781877882492658,5.1134276076746605,Urban
2.762769614212748,4.929956484087956,1,1.749854279109917,1.520021379382724,49.80281422040377,5.52070659062966,Urban
2.7440420873253717,4.5458300937455105,15,0.9045849320586384,4.487254853607644,72.54385443904988,9.957461819518228,Broken Road
2.9877846527857295,3.8304383356047893,8,4.395272320997565,4.526603793883453,46.70894143800905,1.3564638954771124,Off-road
2.7113791701118966,10.091377340357957,14,4.897571165491111,1.9720050042778414,15.71570729232481,8.506516572579153,Broken Road
2.266527061383671,12.157184124714966,11,1.6191259592479768,2.953911611105208,72.05883224476355,4.187757738334431,Urban
0.6331080963518789,9.517879192464688,0,4.66907501817719,1.8381596643486908,91.60567552485384,3.857765609938546,Highway
0.3073363923211313,3.910515224646726,12,2.374766029967752,1.6263599149132917,66.98604919858496,11.204008887814563,Highway
3.2387978977917666,12.544609009135122,13,3.0894461660386168,0.2527868144719624,78.51107111405823,3.1319285881175567,Broken Road
2.234946037918436,10.26741119312847,24,5.150406341869601,1.7827492934546596,39.04444088749371,7.781875657004523,Broken Road
2.8285730602213817,7.046154179650942,24,4.524726722634206,3.368422704281822,22.40383328703031,3.446507537037887,Broken Road
1.7890237599914152,10.763693841968818,7,4.850189422765449,0.10944700653927009,66.0634978537378,6.184297815156545,Rural
0.5871170235759018,5.378764730156827,7,0.9073864828595052,1.770992594477038,36.13826455491579,9.478256132636078,Urban
0.6131131142684164,6.487498710424736,26,0.511344612419004,5.300320960707175,86.70698430403031,10.604325777491875,Highway
2.4623654478556056,13.927315960715873,29,5.3710879016191235,3.602526652133429,16.649664747910627,10.096627435481594,Broken Road
1.6200094531682268,5.776558573728465,11,2.388222190469457,3.686390662077785,46.179051474646755,7.06973268650675,Rural
0.8617315981111111,8.109847486053177,0,1.7984901006111171,2.4798493996554845,42.689122044496656,3.1360325209910216,Urban
1.8222620042467417,13.571834786148191,10,4.375707900144764,4.091185646605225,94.11511608762332,8.002553922490016,Rural
0.4118894923479425,11.200377553477857,7,5.034852019821154,1.2206033207591191,19.54780605741837,8.576879540199375,Urban
2.1205056263175157,2.8086419401411358,9,5.188688769199976,4.930606181266731,5.93544837614104,0.3261654833393167,Off-road
1.0876782346358222,3.9149395756266143,29,1.9643831326388417,0.7884658076218088,27.61809521667617,5.38268402899612,Urban
2.831945032102721,2.1019406800349185,18,5.128053108089877,3.970407992453345,82.92630167802217,10.150492105296818,Broken Road
1.2241944644477933,10.201983272979124,10,0.3415102718086378,2.1127810223361303,24.88557252446662,5.977133635667959,Rural
1.702226491969944,7.819754530335438,6,0.3930027996123414,4.510326526436613,27.883416052020856,3.87423021752719,Rural
0.2383477816967321,3.7455730617295817,10,3.7787632515275114,3.343610852469518,17.340386430997025,10.48721369809102,Urban
0.4390747297220443,14.453143573738016,16,0.47232757778172285,2.7688829270244257,72.96643931127134,2.0393922308517074,Highway
1.4952287361420598,8.885576411293059,0,2.0151940942099533,1.0995921723501574,11.571548098014631,2.636053742511165,Rural
1.7837981545665074,5.144612823467559,25,4.069260318856852,3.857246639277682,36.46478872120955,8.310993929846374,Rural
2.1800678087937024,8.507846425011198,28,2.0898746867199356,5.851142076180437,31.83737902899163,4.3587441100135855,Broken Road
1.1624865097407007,10.835064325556402,20,1.159638710496566,4.971060206951388,57.74017433006471,8.61359866165859,Urban
2.4934402242175904,2.9911098336563384,20,1.759968668937666,0.4540483362751696,74.38954517687488,2.0609027308620043,Broken Road
3.038403910724375,5.571149595622596,7,2.7996944602775478,2.3197533323310275,55.623261296191004,3.1767752572899823,Urban
2.7735082633480546,12.490551381491917,22,2.9047765465973465,5.560939754222604,93.44746933263143,2.048439064690876,Broken Road
0.33074212364957856,7.9756433152345965,23,4.719701364948492,3.0679581105864266,95.38705069429653,11.444341700049414,Highway
1.7856729259508355,9.105502846419833,5,4.525904053645924,4.006459772268257,39.33920620735896,4.983766738040905,Rural
0.5462695887799771,7.6266080287231,21,2.795225046881198,5.484336138989204,78.87963574611481,4.179194936940667,Highway
0.9987485523463406,2.5706992543590665,17,5.089437359682751,5.255388673477296,75.18613141047801,0.3675854428150235,Off-road
3.4559865577815834,4.154747137662027,5,0.7739991176892355,3.060740215689015,89.8316362119586,2.0103274370484714,Urban
0.6702352915749936,7.792041303644582,4,1.606584766350519,2.6821131856798526,47.55464581973181,5.1694031036614945,Urban
1.8463309063894748,4.719411050303062,12,4.985061134663284,2.104186449029564,55.39495278379026,1.00833295234835,Rural
2.239913923249793,2.6497273725758235,18,2.3301648278943037,4.342214714661058,44.49855979024953,6.22672408817336,Broken Road
2.518134402795543,12.967445632673709,21,5.888971196883669,1.7932221168821054,85.78580733347204,5.569182173880485,Broken Road
2.0468406555068164,14.755502879133505,7,2.850894361014229,1.574336877942311,26.821719959402763,9.252584056063354,Hill
0.2322437964833061,12.310857361957613,8,4.772420175486208,2.201874378162303,27.772362433032246,7.985671876523736,Urban
1.277322317205173,13.099203982160672,16,2.4736115441559945,1.145568835584873,40.397484839822575,5.462178202782772,Rural
1.9084484231695475,5.14570269412159,2,2.6072257624683397,4.201206914080027,26.88256904972336,2.8509962612398434,Rural
0.4899594471779501,14.488150681671597,18,2.3590105689766827,3.735819831050613,58.295649459417476,8.776990079010114,Urban
1.3570688729902964,4.5600341578945685,10,4.342546161013789,2.9489833512834775,17.77656011707272,8.552772820759609,Rural
0.3095702590115097,14.368587534703819,23,3.3303555159539675,2.402922097643173,35.41769084338526,2.0088946940815715,Urban
0.45930904061156846,14.932650821557363,16,5.668290857073377,5.463469003090716,91.77724635518105,10.994071610819752,Highway
1.509846811465267,11.252396474698633,20,1.5802528675512182,0.2718303314357212,43.876420618220614,0.9599803689775095,Rural
0.6379619883420992,14.754868513293685,18,0.6933201192923217,4.637735686693065,76.08220306688338,0.8494449649340512,Highway
2.072884799263142,9.404017134372348,1,2.42024276208537,5.421266473318443,15.77890821212453,2.410734928416639,Off-road
2.475234398152977,5.374043181289174,7,3.7386049751159787,2.7334920186365634,28.51862827346954,10.9316374169755,Hill
2.8419361070599733,7.680946513653071,18,5.178713727801421,3.349073899676816,81.69783401403501,6.335977863635678,Broken Road
0.8604958060078733,9.716292159924217,6,2.1425616314139333,5.6723357585040235,77.48432894752094,9.497702863940221,Off-road
0.7526925214549303,2.9500603063511948,27,3.9573418316343236,1.3524373401845353,41.68481226641301,2.8885496193027076,Urban
0.5450738731035208,10.090462440024199,26,2.1661722180369924,3.168795601929641,95.66770569318005,5.984619300914143,Highway
2.3002198234940012,14.75531187790983,16,3.741595539667303,2.9008546500564565,91.51108650428182,4.427815670761811,Broken Road
2.531369897406774,4.471399447188459,5,5.320366887480841,1.6245166224351837,96.41857116566278,9.968377563381074,Urban
0.3042342779246187,12.303736511748983,18,1.4650100893305134,4.929700059201337,45.65189556783961,0.4667323844388742,Urban
3.2895004126041765,13.802684319135052,23,2.485025688431531,5.407643509103091,23.759990450139888,3.0773442136000435,Broken Road
0.37150523604985897,14.26812070666287,5,5.960264658935505,4.7134022207504325,64.53257071367739,2.0003758467680695,Highway
1.9862779064935323,14.481762857270814,27,5.224486466671818,1.2526178690067895,70.05345003652386,10.338430656914518,Rural
2.5398997141880244,8.778975303379134,1,3.431375161587592,0.6118169494581512,16.916969522799402,5.717017426386436,Urban
3.0741981083620824,14.705002803889547,5,3.1481027919402247,3.67212246330152,79.71588825811106,4.969796517939952,Urban
2.556486876037012,11.845032692747704,22,1.779142255597618,0.4368590870083152,6.71572087719625,5.503896592792743,Broken Road
2.845702674130313,4.1017286710805045,4,3.151535623391824,4.069672742492697,50.85919681029442,11.668709698287556,Urban
1.32018563539126,8.19970138408361,18,5.104270839851688,3.2295028999307323,36.446544652015014,10.233155253163904,Rural
2.8889228753634906,11.338305279836051,19,4.142529628338905,4.010435823187615,75.32879069041299,8.535151507833628,Broken Road
0.464378993069428,5.215424105648083,3,1.811259766250121,3.58200756453349,34.712269105072515,3.627651718834405,Urban
3.1528949649997413,10.327997386135536,21,1.2886371342158445,2.59394516021032,83.54667571419812,2.149041394317684,Broken Road
2.0070548413073297,10.66580622760605,25,1.664730368281292,1.285175362827347,61.520581434177004,11.07291682248855,Broken Road
2.897082640876229,4.115096669511356,16,1.1015792882176767,1.9036426012818826,80.41986936739684,5.192291168998498,Broken Road
1.6926503389103904,9.346109061885832,10,0.6642801065399241,3.194553387891961,98.98736059476425,3.4893184337298244,Rural
2.3238063941485323,12.0311498427219,3,2.5729034292081248,3.946021752520875,69.5200428456379,5.756865751728099,Urban
1.9371287810891735,8.485643638967245,25,0.7684676659497794,4.698949799618718,98.57028005435619,11.030599589280156,Rural
2.6142454217925954,2.1573405180893968,12,1.1142840905899158,4.626307238849459,7.7394510575620075,4.76739429801726,Off-road
0.4693789407009456,2.1175000980307983,19,3.3292156376029682,5.838863585240404,37.1232989059618,6.839163767527574,Urban
0.39916187716886053,6.641381471610158,25,1.071135714827491,1.7864645471141158,15.24606013341937,9.675002353081089,Urban
1.0154406722334832,14.040522889613166,16,0.47689062784232683,0.5195531784592771,29.91896848152176,5.240163866371017,Urban
0.7264974443735215,4.972798134846914,8,1.9725942151645228,2.13937591969697,84.69435041694857,2.9557932627311465,Highway
3.0768857697542655,10.246727955331933,3,1.3998826818696086,4.485437403822052,8.07071020597858,11.935403830919794,Hill
0.9234061582815463,4.886986319013167,22,3.140300609166823,2.6848587410964417,54.4173788945774,11.487536117935484,Urban
3.4203553442031334,6.181709865574132,27,0.7039657990409349,4.9249517404775744,58.87722721557543,10.153054195681065,Broken Road
1.3117561128446524,13.024547164819293,13,4.535447647329571,3.3410255545974885,58.30935893383583,8.322811776753886,Rural
0.8009891217727076,11.475198749509309,18,5.446777764667318,5.585771163519968,50.153222013209295,3.6794144112224245,Urban
2.8060050735701814,3.240190605071738,25,4.486267526341547,5.692394307794506,80.10728165312676,10.978272670335578,Broken Road
2.3737356591528913,7.573126272823637,27,3.2436795206682265,0.5088965855106174,17.68659350302736,3.4515687074304995,Broken Road
1.8440458642953585,2.379206927388438,2,5.1779401485544225,2.792839294303304,34.504816477324795,9.649552037186623,Rural
2.0326997180941833,8.251571905839118,13,4.2000184407108945,3.6971654613724514,63.49397507729141,11.035446381707414,Broken Road
2.573365868298471,10.611642152113886,7,0.16225162245612015,1.6096479907920556,70.6403797954558,7.315445317072957,Urban
0.9539006463932858,3.5405341067759704,23,2.4251319013695687,2.5017529983359834,43.39410101882034,9.67606337111591,Urban
3.4879019229872483,5.755504205819154,26,5.12061620650012,4.0983210925944205,88.16027001608715,9.54200217058061,Broken Road
3.4168174350843845,7.17187613152804,27,2.140567262054089,1.4377319387003327,44.471872686111865,2.479261463227563,Broken Road
2.3460747649448916,13.953903320528646,0,0.30776952380058864,3.6516899825492697,43.263732763091646,8.0815087884338,Urban
0.858490088066179,14.912315200498533,9,4.502459867458406,4.214942186169406,8.439689841301572,1.3029216554724339,Urban
2.4447532000232615,2.583846886943006,17,4.832025794668924,0.6339282354656138,57.35842693849971,6.192631689022281,Broken Road
0.4382547496312803,11.893103005440096,15,1.0475028007555205,3.0354229645619717,72.32467965863098,2.114379468058815,Highway
0.30115325727916004,6.832412863230462,7,3.2703089313747693,1.6521721765527257,15.87162553410057,5.112924085797895,Urban
1.0503535320870052,7.101956420983241,0,1.232537090074782,4.373879500388463,34.01611277834773,10.029188481441563,Urban
1.7266557572397436,11.805444653511294,11,4.343483072360466,1.218377500367949,79.21941060937095,11.848580507636411,Rural
3.0652992678476556,13.939543617890312,7,1.7021476855471656,5.364203701674827,39.76234636428966,3.9519260135834897,Off-road
2.5996579302288163,14.36207172853313,23,1.9656692231236477,2.642553885458129,27.95223389380379,6.4770772456414845,Broken Road
2.6509315199599377,9.502593618498171,15,5.085328036476598,1.268217878814566,68.85906303868566,6.233316687571765,Broken Road
1.6041280036786485,6.6425750709065365,17,2.9103018780207357,2.6843285984669434,23.692083878807285,11.461937816006579,Rural
1.3415854754049774,12.23813811616413,3,4.051551262187663,2.5115882005703147,90.0870273604018,5.847288042706728,Rural
1.4244279178491888,5.263017982409903,5,2.4740009992625596,2.630621861012891,15.031847622483392,8.449453223716434,Rural
3.459243560328991,9.33296237483573,11,1.8582404574431572,3.554811631634937,72.12223121686856,11.077112950680608,Urban
0.33236033166119217,6.661519999823351,26,3.7903205565055025,3.1749249769898715,52.45712662220564,4.605867002534714,Urban
3.0612039372040805,10.536203958202389,8,1.0136596870650456,0.9836850769173258,87.64330842771439,10.845042411295573,Urban
2.109628848288898,5.12518586761559,14,2.300699029844492,0.48691652861515433,16.988533647492478,11.02598341831396,Broken Road
1.6474308833256484,4.490708294552735,15,1.3333185205769416,4.403551147486589,69.40001725712834,11.181817546812143,Rural
2.5933502793699503,13.937108126780682,23,4.205190304950398,3.4023328719770496,59.34519072223124,3.391264988562832,Broken Road
1.8060075067015193,3.3234478783439796,11,5.670832146242034,2.2181045316676564,50.60856351280441,4.924196012385511,Rural
3.08229668566948,8.577452800554111,23,5.973514711293611,4.869311152738636,51.6836900261035,10.470671717063283,Broken Road
3.172316151237153,4.871086178519116,22,2.7566331816053857,2.3895449981396464,73.58781137086042,4.438109526508942,Broken Road
1.5916790586824028,2.506089523233677,13,1.5899292988550227,4.796194028643584,94.0854572188081,7.282985788615361,Rural
1.1135317308756703,2.468244637788543,12,2.7126932852675125,1.9039611523230109,13.668907616309568,1.5930431856686131,Urban
2.1547560843580955,4.277883037375755,24,5.09888951878007,0.5297872555166786,6.852751522999422,0.8640448597126411,Broken Road
3.2107990405350804,13.268014608578003,1,1.3154335034570355,5.602574193419581,81.54195528571434,5.061529076007637,Off-road
0.8951852237186997,5.672223671701347,2,5.71736434475225,2.427851662760102,15.276091817322136,7.031215084594066,Urban
2.2557897257594934,14.355969217478844,25,2.117008035909091,4.77688617981133,98.73619562764026,4.833849537635508,Broken Road
2.2841487263053177,9.561089808859517,23,5.916241590756799,1.7469503860115965,63.83808365108953,7.017282087897936,Broken Road
2.6192729739704275,7.67598446699396,29,5.0477924364503775,3.9135541615295706,66.83230754914337,6.277995638827064,Broken Road
0.6341733609199574,9.54115485070291,21,4.870566151469603,5.252534152220597,23.894711779111653,8.291345305575694,Urban
2.562222383450892,8.717079007941482,9,1.9756375752623734,0.3456997318058839,27.829669478184073,7.8644826865716,Hill
3.199807318196615,11.864091298845228,8,0.15178555049278386,5.000751011647926,67.63827879442877,5.206099297837645,Off-road
0.7929542592717984,5.67244885764708,25,2.3545841620733285,3.4708647293343793,91.42404960374871,5.214943836954387,Highway
0.9838929722487961,6.589655090803931,19,1.8806752810098928,3.684083348060559,98.32710267916883,1.8611844121443375,Urban
3.4056038103374107,13.62322593293226,7,0.32064224341190406,3.186632204755298,23.8129399299539,6.256215150738218,Urban
0.7972239439413162,14.303934670955272,9,3.081655013384985,5.2594031093734905,17.741364157430066,7.128713712001222,Urban
3.0194708081196113,13.603256957324168,18,2.4778847365681465,0.356256807690261,10.358128987275094,5.82257488877515,Broken Road
1.8245169262785146,7.452823921445076,2,3.8438831596749963,1.640067510061504,87.48821672532615,4.043346554026589,Rural
1.0158625455304842,12.144751539089462,23,3.764999300945091,5.266998979269016,32.99791045136453,8.715452822170484,Urban
3.0734746741992875,8.192364532914285,4,0.8124051517904126,4.53883964493854,5.172143217578908,1.0810074068136442,Off-road
1.669507341508796,8.468018077899329,2,5.864096722147073,0.2041064450537745,26.26271817536074,10.990396363097759,Rural
1.8988972679679774,4.660841417744692,25,1.202895433704537,3.1503370709372813,37.34190260944475,0.44359258664036083,Rural
1.3854701190192267,9.684693942360713,26,2.7271167461117574,3.224478816204782,99.1436861021851,11.555731574571679,Rural
2.1567378097352603,4.419766670793523,15,2.979893506259036,2.4652045972546714,54.73645141642276,5.655796091029017,Broken Road
0.7396287795305752,6.310341087873519,16,4.897070503563309,1.8546206591657395,24.447825021534623,5.069505339241786,Urban
1.4905690709508101,13.115392621059158,14,0.6854546169584159,4.122176617432818,36.80774274777785,3.2260394060656203,Rural
3.399060663706449,4.691985519741118,2,2.6290012473303377,1.3259637417580477,36.37923031790345,0.3188393910209414,Urban
1.051840327913721,2.9250577072546267,11,3.8081628043936036,4.813796516223066,6.873945914001672,3.4425251201772378,Urban
2.3672309929862645,2.897098703966612,8,1.369418167581928,4.837919248528084,17.842390146285858,1.4909191204319405,Off-road
1.273127211941493,14.230198766540402,20,3.8020606027198296,2.5500424816796414,71.04366367180506,7.985885943782058,Rural
2.752461314765782,8.58996569350385,11,5.54962254154295,1.7729332643669213,16.42384372421979,3.96508467338457,Urban
0.6318830803705544,7.322356933621238,25,5.985356973918782,1.774881271385208,26.919756277581286,9.252716075163207,Urban
3.4004094487591976,12.54142155310294,14,0.2914613530649868,2.94551881157764,38.320043348409335,2.6416110106841804,Broken Road
1.6975054865660093,12.865737062836708,1,1.4899705466435975,4.345517426021217,76.9848197277179,10.822771317698892,Rural
0.9789665290433309,6.31848343050286,22,1.930811983171015,2.217325276863767,60.328091662454284,6.371181878248825,Urban
0.44253926618904177,11.017034747159338,17,2.4548439926253,3.6992557382007343,70.45499857391398,1.5511731183339807,Highway
0.7602010867888844,12.024596606074525,19,1.5293172297501278,2.3566583174373066,58.86617091491636,4.929973780711052,Urban
1.9152540302348582,10.510458929257409,11,1.300579167876344,1.8966868159931618,69.94128039607756,2.639774184023188,Rural
1.3121104822232448,3.970735972401292,22,5.73186767026325,0.24667114390318556,5.270004598077382,2.5562880287845147,Rural
2.9353151074126114,13.386480085721741,3,5.519277456346055,0.12309322383880478,93.4353237152858,6.175162904296066,Urban
1.6219288280839594,9.008229185568112,22,0.3772557559183931,1.4405252992088264,15.537421933106618,8.128325784509197,Rural
1.0207570995391786,5.6721415428100475,15,2.0989968274686044,2.4977970921258734,43.59366411780596,10.957094824940453,Urban
2.2365784557932993,7.527966410690021,22,2.490376466702599,5.122440887436156,78.24864517326121,6.12551172701111,Broken Road
2.532364815721971,2.488424175185796,15,1.510185754529066,4.81105703328951,46.346918210895275,11.596897545688297,Broken Road
0.7512382960731345,3.662268415891428,0,3.8103500922302356,1.6762750492691405,94.950042408414,11.31129125446575,Highway
0.7531434137514483,11.95210775670619,21,3.8782464052010224,1.5427886136073663,49.42095010738284,10.407737853815453,Urban
0.3210157088806918,2.00015125181976,24,5.117974947138722,1.4412002193131621,88.11924353225378,6.09973172655654,Highway
2.6301266497166136,7.415355770269798,1,4.471128683472785,2.1015003091203157,82.02867076941574,1.8626665355182057,Urban
2.3905549411519567,8.79263235411265,29,3.3011826290991384,3.039372445413944,98.1936987658749,2.7712727438215423,Broken Road
1.7662818899743857,2.71024746001264,2,3.9561619432620776,2.6881398549862956,93.02203917134267,7.842506032001313,Rural
2.9857624815983503,14.650016118640327,25,1.7165338111038069,1.3878118728108133,90.32176429772348,5.176708767353515,Broken Road
2.8587115047351754,4.939629306245735,20,3.5990315208074106,0.8696633186673465,74.50241234934948,1.9322592546971578,Broken Road
2.131669402509282,5.954583355271652,24,2.9864408030245237,0.17420909366855278,39.86482399048097,5.852128416943864,Broken Road
3.0652952256937533,5.951252659315355,19,0.8867323571665854,1.0083831081323729,15.081914763665731,0.4056804369241419,Broken Road
0.8792759931213352,4.995416607525549,16,1.5310112318395275,4.261602584145297,70.42127996511705,8.8599653766152,Urban
0.5693347440125021,2.0191596871220483,19,1.8209913592573579,1.5374675591389395,97.97213772710667,1.0682592749783522,Highway
1.0901737180060658,11.481482323143952,21,5.553426445610092,2.864750679716908,74.02742154652755,7.623540714963005,Urban
0.388386625094739,14.56899149739071,20,1.4592811723767478,3.588676778647144,93.22929008134687,9.557521629982073,Highway
1.9528594424034056,4.915815282705585,29,1.8065390266360424,5.332361326706482,81.40894773077409,1.7651977185567933,Rural
3.290798784573373,10.619613493444492,28,2.2791893675276507,5.3442450805211745,20.49589413608448,6.319936549858949,Broken Road
0.32983368420608183,11.644652250463297,0,4.016082157889784,4.4998290287200176,28.674358206172293,9.392996669441741,Urban
0.6029627162330884,13.02952992817682,19,0.7976065155856291,0.30742625308615845,37.47723216742329,3.275474766132617,Urban
1.6922567933353363,7.494179561176919,5,5.728276753713279,3.492915472603948,20.98474221211039,2.1224157974191056,Rural
3.2817875578420863,5.93810177332558,28,5.206870198559111,4.740842477905888,60.25687660393564,4.174465509415991,Broken Road
1.2433151464232766,6.228836742299404,14,3.5055748307528063,0.20199946410384295,97.66779979282038,6.745450283683127,Rural
1.8738748686716948,11.264077330280667,25,4.076823417807245,3.343139220573812,77.33858917643506,6.98829921928605,Rural
0.33719043486629396,12.618133064573268,25,0.19829678034087436,5.160808460137574,45.22174116140888,1.7443407348007067,Urban
0.6895325631748932,4.360981580835834,13,2.0997741745558476,2.8972022474693753,5.427925693127423,5.599312402552866,Urban
3.4558794057641946,6.822233106050947,19,4.794395360902508,0.12422659709494588,34.76122105812698,3.365729907365957,Broken Road
3.3848916982389503,13.72522255773895,14,0.5571495453750768,0.16497881418008403,55.042132330760445,10.135885773166418,Broken Road
0.21630193708355175,12.48701575603161,13,1.7656516218432494,2.5581526207411285,35.80383301593721,3.9001865583555633,Urban
3.3409788918966887,14.803159235912187,24,3.553251287172437,1.014551137758852,15.548317687266655,10.096713389499543,Broken Road
2.3090957947911512,11.80522737586705,20,1.6128368634237569,4.020258876850232,47.06267090187998,5.257062428701148,Broken Road
3.064130371916073,7.111537613362989,23,5.610470047452663,4.281915662946308,29.05901761174304,8.77371203675215,Broken Road
1.700641523591735,9.67829184193029,24,0.8732459217453132,1.149490793217709,91.37707576384264,6.218710696820896,Rural
1.9014668943115256,10.593185305215163,25,4.804626711655893,5.342346402294461,14.666680207596496,7.539158964745523,Rural
1.8131937148478365,3.0199256121226115,4,3.096897282247809,2.7072562853756628,9.669499728847486,4.865206828164322,Rural
2.400652049902144,9.078460468350247,5,4.526951577337741,0.94279085479235,5.504846069711895,9.26483986012839,Hill
0.6608491406958326,11.221170770143924,16,1.93322043703754,4.6090844286094335,36.16662002613749,5.217234726169169,Urban
0.29891284657983724,4.175176952013785,10,3.135488653641029,4.76084955009896,67.73674962908441,5.5980474297126985,Highway
1.21616880725093,12.148212326532242,15,5.15532856336674,3.8718432887261995,74.3893065237703,6.308608285125295,Rural
2.525446517030934,9.589046146683451,11,2.8545807848263163,5.135446763895064,48.059859921263694,10.015524596954604,Off-road
0.8661163920057295,14.37888321406873,14,2.222347185270591,4.450500534980961,70.01122179325034,7.980671357497286,Urban
2.422327029972227,2.551489876689592,22,3.2633167788911432,5.305013849639244,39.191833440459526,4.320092561475848,Broken Road
3.4007097521539924,5.449239788221071,3,4.332440242914564,2.659939486064329,68.4415908987286,8.109771680982206,Urban
0.5098723621050807,9.820200430897714,26,2.717023738441166,4.510823055786711,8.856618603725472,7.7806335615012125,Urban
2.419586990142917,5.855278858677099,17,5.639374153339411,5.998534224231362,42.121533533865396,11.186027455380511,Broken Road
1.6643757237050847,11.287514132926148,20,1.8401803618498183,4.377094065365753,80.13071937515203,10.128713945099129,Rural
3.0648694394457676,11.867068672785104,27,2.9052352763978107,0.7736843033990798,81.28557289360512,7.839873700264729,Broken Road
0.7845943051763735,3.332707532864168,2,4.565873190114504,3.1580804623321796,73.03413399319099,4.229783906071715,Highway
2.485665642346343,8.68010803468798,21,4.165814433924973,3.5653519683338653,24.40266895413712,9.399002096562981,Broken Road
2.9657804558387637,8.615577222683726,7,5.195482209261221,1.1278429829212069,28.484486298410157,6.987457858141052,Hill
3.317226924264277,6.800650012802034,22,5.981174166018542,5.781060641650422,99.62842909012866,11.82618585959064,Broken Road
2.454718493355831,14.128023213405738,2,2.6184641398910284,1.1359206880442363,14.82091068418619,3.120572317123688,Urban
1.84067672122781,12.757582158351875,7,0.7557901907215399,1.1475917263080144,22.16295639572889,1.139938922984466,Rural
2.2388958926640057,11.063721964825278,17,0.27945369676701104,5.4994861140498745,17.352494286762596,1.0247233802777826,Broken Road
3.06738644877977,11.286246264554968,9,4.388573746224653,2.8447120554178595,36.12722154994348,7.752358582549829,Urban
2.083012163908138,8.00230986957055,24,5.256680660721423,0.47281084771964565,24.96670434722272,11.283270701155981,Broken Road
0.3002772969995616,13.972928774255486,19,1.4022042570720703,3.629306249637319,52.28035615703835,0.22279658863976123,Urban
3.272130695173027,11.02974055429271,16,1.0348434194204452,3.6507754569349826,50.22196715361139,8.764098354101773,Broken Road
2.4754382784041518,11.476753801525614,7,0.46701004000157686,0.4805544762507147,90.6430338478738,7.953369153888757,Urban
2.4324941730649137,13.201981749235488,22,4.9539472381315175,5.8378827242386055,8.300295007254242,8.841189468189697,Broken Road
0.9117280029124666,5.562930661448483,10,1.9371534453662478,3.309776795237996,35.388559783437515,4.39378379979556,Urban
2.374322051767769,12.491921750267139,28,2.4700116672826815,3.4027947608606093,61.68249973972357,9.88185804696269,Broken Road
1.499752538658723,4.538127838434397,4,3.066226130496713,3.168680945564128,62.45616737517656,0.727541790742571,Rural
2.349068824236924,6.489445379183542,25,5.05277408183635,3.703317499903258,50.61199175634987,9.114086987339926,Broken Road
0.5517570000163694,6.362935905507955,12,3.9399160072127613,1.6593685413651544,82.4882263773902,3.3514489079192358,Highway
2.370889505190019,14.720831089058827,20,3.728881316161087,1.7947239530515608,10.958606284373586,5.826685743325245,Broken Road
3.4980652950431996,13.134983908723049,22,1.1364653897398733,3.1169006297971835,82.47133773011291,9.907108004375202,Broken Road
0.3590997282398349,11.115208200673376,4,3.1278203610879958,4.859446543105119,52.001652841391845,3.402036615255417,Urban
3.424674807930347,11.451737901000072,23,4.320748001354065,0.3942010013156553,17.707266032315204,2.3854486373979435,Broken Road
1.542796270385473,9.306946327233424,26,5.842239209879901,3.660084852099452,89.14168178634537,8.239495587105033,Rural
3.0734863861129553,14.312178672410749,12,1.2882972243587782,4.859991040787253,66.67673405639152,6.494059719780294,Off-road
2.7818720973923026,8.4513637874707,5,0.15630578309663723,1.0258119050196404,20.53684024829323,6.269965651204978,Urban
2.0711536612560035,6.9467302283086285,28,0.5442784582309715,0.18863299768534114,8.196723722907528,3.229880283347376,Broken Road
2.6368823905293777,4.119459380110683,4,2.3175295445736777,1.9450084413346027,18.40541659160168,0.6115876086763263,Urban
3.099101352294448,12.220673479393755,8,4.941213421701324,3.5700478697046294,62.83580621713739,5.041175832314259,Urban
1.5336630614484088,11.54777111698269,26,0.14213828243264578,0.9158707230880115,22.033142349704605,1.4574018695196622,Rural
1.2792094331586876,6.996615500813753,15,2.794710498026458,2.6141219887376645,26.44749211312767,10.890671977660585,Rural
2.4030581723598297,2.3275143814699817,1,2.0424606305142277,3.35869683450824,7.388273946849847,0.6867538169664202,Urban
2.8658916084061534,12.90696526033414,0,0.40964208958839277,3.6334102590681714,73.67841386266734,5.293480079375701,Urban
2.715540944762832,2.148433784902957,7,2.7563940913684424,1.7190291539022136,81.98461797714653,0.816497887669769,Urban
2.832785041233494,11.148097135177663,27,1.6030173732866413,2.460174852319119,80.7005767933517,1.3274177198642425,Broken Road
1.6374249388826787,14.613342426438741,18,2.1761205226473384,4.692201451498597,17.118974379607003,7.974626669679861,Rural
2.8988529133775716,7.689597265926645,29,4.2631302982273285,5.653166695312044,90.81360710193213,7.835912879494316,Broken Road
0.5966898827230078,5.054654264947386,10,3.177150805074706,5.185093953597717,68.8664888000376,0.5900158995773894,Highway
1.9968140232708034,11.163323130563962,27,0.8354198310575986,3.4292726602272485,90.26521912580212,0.21335140642626832,Rural
0.21900357964380118,12.622665846202606,11,5.772345788499471,2.520727537369285,47.48024793041304,1.1300533114648512,Urban
1.2711332386708918,9.103594109012015,11,3.851873517687457,2.0644440247913676,46.510711802951285,9.203386993000917,Rural
1.4093230650756128,14.571458578329901,6,4.618623711408936,0.8372437398957066,79.53096927506505,7.098002378467785,Rural
1.5073698823105426,2.6716933815534945,25,0.5673575850493878,0.7286523585750666,13.863296270290634,0.649795293224201,Rural
2.4950417820765454,8.562342777958865,12,0.37764443881411147,4.16130998699058,54.48303348031415,5.959544787299363,Urban
1.4822417341921408,11.339901315193151,26,0.21474349717167893,1.6327870554098465,84.45650238496644,8.601946413242526,Rural
1.680688954654351,13.214326124939326,7,1.2138847638633223,1.6025039499514362,83.86829349160928,10.453626456289514,Rural
0.9838956318852805,4.330322954801271,28,2.5450095465391214,5.9893508214189355,95.83262135252505,11.221630589776323,Off-road
1.4317309123768223,12.400045262927858,28,5.621374187076655,1.208763151455393,71.33589638540192,4.063798642857987,Rural
0.9499897699683999,9.185191984341088,21,2.7966519896680806,0.973552580984095,24.738209796774193,1.8028226552765354,Urban
0.441546548435864,7.155197865869522,27,1.8125051216979238,0.6822428437835316,6.9266299149851775,2.9957258646310807,Urban
2.191380358158547,3.7122953715282163,25,3.415417995766014,3.5208515364840975,50.544500869574684,9.35882360607464,Broken Road
2.4051022352315536,13.248844865815862,29,0.7604140109952565,3.804396573412399,53.801867234142776,11.663513737499265,Broken Road
2.244318141831728,4.0445517063363,8,3.6960847569294013,2.2548447649156036,27.824945527398487,5.7034446848524905,Urban
1.7295303445418886,6.02724216971829,6,3.4537485305499698,3.25893867951766,16.846257476742302,3.80316791986392,Rural
1.4532930745914583,5.770591915511679,25,4.772758897093687,4.751557232574984,60.68977578809835,5.264448867128407,Rural
3.0490010435870234,13.328382444481106,20,5.921456908540442,4.926814593098316,77.60428903229342,3.796795106812563,Broken Road
